company,role,url,source,track,category,date_discovered,fetched_at,posted_relative,location,work_model,h1b_signal,is_new_grad_signal,list_url,notes
Age of Learning,"Senior Data Analyst, User Acquisition",https://jobright.ai/jobs/info/6a6a245fc63ba56308f51747,jobright_matches,,,2026-09-08,2026-09-08T22:02:17+00:00,,,,,,,jobright_matches_scrape
Applied Materials,Data Scientist,https://jobright.ai/jobs/info/6a690b725d01972698ee6142,jobright_matches,,,2026-09-08,2026-09-08T22:02:17+00:00,,,,,,,jobright_matches_scrape
CentralReach,Sr. Web Developer,https://jobright.ai/jobs/info/6a8e040dd34f700f87fd7795,jobright_matches,,,2026-09-08,2026-09-08T22:02:17+00:00,,,,,,,jobright_matches_scrape
Chemistry Agency,Full Stack Developer,https://jobright.ai/jobs/info/6a8e03fed34f700f87fd778b,jobright_matches,,,2026-09-08,2026-09-08T22:02:17+00:00,,,,,,,jobright_matches_scrape
Cisco,Software Consulting Engineer I (Intern) United States,https://jobright.ai/jobs/info/6aa08480500b01124c779910,jobright_matches,,,2026-09-08,2026-09-08T22:02:17+00:00,,,,,,,jobright_matches_scrape
Docusign,Software Engineer,https://jobright.ai/jobs/info/6aa0847d5b2d5633ef3bf1fb,jobright_matches,,,2026-09-08,2026-09-08T22:02:17+00:00,,,,,,,jobright_matches_scrape
International Rescue Committee,Software Developer/Analyst,https://jobright.ai/jobs/info/6aa084b8500b01124c77993a,jobright_matches,,,2026-09-08,2026-09-08T22:02:17+00:00,,,,,,,jobright_matches_scrape
NORC at the University of Chicago,Leave Specialist - Hybrid Chicago Loop Office,https://jobright.ai/jobs/info/6aa0847f5b2d5633ef3bf1ff,jobright_matches,,,2026-09-08,2026-09-08T22:02:17+00:00,,,,,,,jobright_matches_scrape
Simple Modern,Website Intern Summer 2027,https://jobright.ai/jobs/info/6aa0842ba2266b538d230e04,jobright_matches,,,2026-09-08,2026-09-08T22:02:17+00:00,,,,,,,jobright_matches_scrape
Tata Consultancy Services,Java Full Stack Developer,https://jobright.ai/jobs/info/6aa085b53b5aa83237b09ade,jobright_matches,,,2026-09-08,2026-09-08T22:02:17+00:00,,,,,,,jobright_matches_scrape
Thomas Jefferson University,Lead Data Engineer,https://jobright.ai/jobs/info/6aa06e5a3b5aa83237b09103,jobright_matches,,,2026-09-08,2026-09-08T22:02:17+00:00,,,,,,,jobright_matches_scrape
Advanced Space,2027 Machine Learning Summer Internship,https://jobright.ai/jobs/info/6a8ca88025fc4e7ae3db9adf,intern_list,internship_if_eligible,ml_ai,2026-09-08,2026-09-08T22:02:41+00:00,3 hours ago,"Westminster, CO",On Site,11-50,"1. You are currently pursuing a degree in **Computer Science, Engineering, Mathematics, Statistics, or a related field**. 2. You have experience programming in **Python** and working with data processing libraries such as Pandas, NumPy, or Scikit-learn. 3. You have experience with machine learning frameworks such as TensorFlow or PyTorch. ...",https://jobright.ai/minisites-jobs/intern/us/ml_ai,minisite_scrape;category=ml_ai;cluster_hint=data_ml;posted=3 hours ago
American Express,"Campus Graduate Masters Summer Internship Program - 2027 AI Engineer, Enterprise Technology Services- New York, NY",https://jobright.ai/jobs/info/6a8384e6379c304e892f7e55,intern_list,internship_if_eligible,ml_ai,2026-09-08,2026-09-08T22:02:41+00:00,4 hours ago,"New York, NY",Hybrid,10000+,1. • Currently enrolled in a full-time graduate master's degree program 2. • Graduate master's degree candidates with an expected graduation date between December 2027 and June 2028. 3. • Knowledge of Python and foundational data processing technologies. ...,https://jobright.ai/minisites-jobs/intern/us/ml_ai,minisite_scrape;category=ml_ai;cluster_hint=data_ml;posted=4 hours ago
American Express,"Campus Graduate Masters Summer Internship Program - 2027 AI Engineer, Enterprise Technology Services- Phoenix, AZ",https://jobright.ai/jobs/info/6a839b311081a745e9710649,intern_list,internship_if_eligible,ml_ai,2026-09-08,2026-09-08T22:02:41+00:00,4 hours ago,"Phoenix, AZ",Hybrid,10000+,1. Currently enrolled in a full-time Master's degree program 2. Master's degree candidates with an expected graduation date between December 2027 and June 2028. 3. Knowledge of Python and foundational data processing technologies. ...,https://jobright.ai/minisites-jobs/intern/us/ml_ai,minisite_scrape;category=ml_ai;cluster_hint=data_ml;posted=4 hours ago
American Express,"Campus Graduate Masters Summer Internship Program - 2027 AI Engineer, Enterprise Technology Services- Sunrise, FL",https://jobright.ai/jobs/info/6a837a573eeac101cfaa0329,intern_list,internship_if_eligible,ml_ai,2026-09-08,2026-09-08T22:02:41+00:00,4 hours ago,"Phoenix, AZ; Sunrise, FL",Hybrid,10000+,1. • Currently enrolled in a full-time graduate master's degree program 2. • Graduate master's degree candidates with an expected graduation date between December 2027 and June 2028. 3. • Knowledge of Python and foundational data processing technologies. ...,https://jobright.ai/minisites-jobs/intern/us/ml_ai,minisite_scrape;category=ml_ai;cluster_hint=data_ml;posted=4 hours ago
American Express,"Campus Undergraduate Summer Internship Program - 2027 AI Engineer, Enterprise Technology Services- Atlanta, GA",https://jobright.ai/jobs/info/6a8384d49b859b227766f77d,intern_list,internship_if_eligible,ml_ai,2026-09-08,2026-09-08T22:02:41+00:00,3 hours ago,"Phoenix, AZ; Atlanta, GA",Hybrid,10000+,1. • Currently enrolled in a full-time bachelor’s degree program 2. • Bachelor’s degree candidates with an expected graduation date between December 2027 and June 2028. 3. • Knowledge of Python and foundational data processing technologies. ...,https://jobright.ai/minisites-jobs/intern/us/ml_ai,minisite_scrape;category=ml_ai;cluster_hint=data_ml;posted=3 hours ago
American Express,"Campus Undergraduate Summer Internship Program - 2027 AI Engineer, Enterprise Technology Services- New York, NY",https://jobright.ai/jobs/info/6a83846c9b859b227766f749,intern_list,internship_if_eligible,ml_ai,2026-09-08,2026-09-08T22:02:41+00:00,6 hours ago,"Phoenix, AZ",Hybrid,10000+,1. • Currently enrolled in a full-time bachelor’s degree program 2. • Bachelor’s degree candidates with an expected graduation date between December 2027 and June 2028. 3. • Knowledge of Python and foundational data processing technologies. ...,https://jobright.ai/minisites-jobs/intern/us/ml_ai,minisite_scrape;category=ml_ai;cluster_hint=data_ml;posted=6 hours ago
American Express,"Campus Undergraduate Summer Internship Program - 2027 AI Engineer, Enterprise Technology Services- Phoenix, AZ",https://jobright.ai/jobs/info/6a839b0a2dbaf907b0769e26,intern_list,internship_if_eligible,ml_ai,2026-09-08,2026-09-08T22:02:41+00:00,4 hours ago,"Phoenix, AZ",Hybrid,10000+,1. Currently enrolled in a full-time bachelor’s degree program 2. Bachelor’s degree candidates with an expected graduation date between December 2027 and June 2028. 3. Knowledge of Python and foundational data processing technologies. ...,https://jobright.ai/minisites-jobs/intern/us/ml_ai,minisite_scrape;category=ml_ai;cluster_hint=data_ml;posted=4 hours ago
American Express,"Campus Undergraduate Summer Internship Program - 2027 AI Engineer, Enterprise Technology Services- Sunrise, FL",https://jobright.ai/jobs/info/6a839b0a2dbaf907b0769e25,intern_list,internship_if_eligible,ml_ai,2026-09-08,2026-09-08T22:02:41+00:00,3 hours ago,"New York, NY",Hybrid,10000+,1. • Currently enrolled in a full-time bachelor’s degree program 2. • Bachelor’s degree candidates with an expected graduation date between December 2027 and June 2028. 3. • Knowledge of Python and foundational data processing technologies. ...,https://jobright.ai/minisites-jobs/intern/us/ml_ai,minisite_scrape;category=ml_ai;cluster_hint=data_ml;posted=3 hours ago
American Fidelity,Agentic AI Internship (OKC Local Only),https://jobright.ai/jobs/info/6a8376c03eeac101cfaa0149,intern_list,internship_if_eligible,ml_ai,2026-09-08,2026-09-08T22:02:41+00:00,5 hours ago,"Oklahoma City, OK",On Site,1001-5000,1. Graduating May 2027 or after. 2. Must be available to intern January 2027 for up to a year. 3. Strong collaboration and teamwork skills ...,https://jobright.ai/minisites-jobs/intern/us/ml_ai,minisite_scrape;category=ml_ai;cluster_hint=data_ml;posted=5 hours ago
American Fidelity,Data Internship (Oklahoma City Local Only),https://jobright.ai/jobs/info/6a8388703eeac101cfaa08a4,intern_list,internship_if_eligible,swe,2026-09-08,2026-09-08T22:02:41+00:00,3 hours ago,"Oklahoma City, OK",On Site,1001-5000,"1. Basic Data modeling knowledge 2. Experience with at least one statistical programming tool, such as R, SAS or Python 3. Experience with at least one data visualization tool, such as Qlik, PowerBI or Tableau ...",https://jobright.ai/minisites-jobs/intern/us/swe,minisite_scrape;category=swe;cluster_hint=cloud_swe;posted=3 hours ago
BWXT,Data Science Summer Intern,https://jobright.ai/jobs/info/6a9e7c4368f82b403673a17e,intern_list,internship_if_eligible,data_science,2026-09-08,2026-09-08T22:02:41+00:00,5 hours ago,"Lynchburg, VA",On Site,5001-10000,"1. Must be currently enrolled in a bachelor’s or master’s degree program in Data Science, Computer Science, Mathematics, Statistics, or a related field. 2. Must be familiar with Python, as well as experience with data manipulation libraries (e.g., Pandas, NumPy). 3. Must have a basic understanding of machine learning concepts and frameworks (e.g., Scikit-learn, TensorFlow). ...",https://jobright.ai/minisites-jobs/intern/us/data_science,minisite_scrape;category=data_science;cluster_hint=data_ml;posted=5 hours ago
Beckman Coulter Diagnostics,Software Engineering Intern,https://jobright.ai/jobs/info/6aa04f81500b01124c7782e1,intern_list,internship_if_eligible,swe,2026-09-08,2026-09-08T22:02:41+00:00,2 hours ago,"Chaska, MN",On Site,10000+,"1. Bachelor’s degree in computer science, Engineering and equivalent program (3rd year and later) 2. Experience with strongly typed languages (e.g. C++\ JAVA\C#) as well as experience with HTML-JS variants 3. Strong documentation, communication, and interpersonal skills",https://jobright.ai/minisites-jobs/intern/us/swe,minisite_scrape;category=swe;cluster_hint=cloud_swe;posted=2 hours ago
Cambium Assessment,Software Engineer Intern – AI Applications,https://jobright.ai/jobs/info/6aa0083c3b5aa83237b0691b,intern_list,internship_if_eligible,ml_ai,2026-09-08,2026-09-08T22:02:41+00:00,3 hours ago,United States,Remote,251-500,"1. You must reside and work in the US for this internship position. 2. Currently pursuing a postgraduate degree in Computer Science, Data Science, Software Engineering, AI/ML, or a related field. 3. Experience (academic or project‑based) with at least one programming language such as Python, JavaScript/TypeScript, or C# ...",https://jobright.ai/minisites-jobs/intern/us/ml_ai,minisite_scrape;category=ml_ai;cluster_hint=data_ml;posted=3 hours ago
CyberProof,Mainframe Apprenticeship - Entry-Level,https://jobright.ai/jobs/info/6aa05c8e3b5aa83237b089de,intern_list,internship_if_eligible,swe,2026-09-08,2026-09-08T22:02:41+00:00,2 hours ago,"Omaha, NE",On Site,501-1000,"1. No Mainframe experience needed 2. Ability to follow structured procedures, runbooks, and escalation paths. 3. Strong attention to detail and ability to work effectively in a **high‑availability, time‑sensitive environment**. ...",https://jobright.ai/minisites-jobs/intern/us/swe,minisite_scrape;category=swe;cluster_hint=cloud_swe;posted=2 hours ago
Datadog,Software Engineering Intern,https://jobright.ai/jobs/info/6aa018b6a2266b538d22e2a8,intern_list,internship_if_eligible,swe,2026-09-08,2026-09-08T22:02:41+00:00,2 hours ago,"Boston, MA; New York, NY",On Site,10000+,"1. Pursuing a degree in Computer Science, Software Engineering, or a related technical field, or have equivalent practical experience 2. Targeting a **2028** full-time start date 3. Demonstrate strong computer science fundamentals, including data structures, algorithms, and software design ...",https://jobright.ai/minisites-jobs/intern/us/swe,minisite_scrape;category=swe;cluster_hint=cloud_swe;posted=2 hours ago
Deltek,Data Science Intern — Customer Analytics and Data Enablement,https://jobright.ai/jobs/info/6aa0118bdbc0e60e37e0b2fa,intern_list,internship_if_eligible,data_science,2026-09-08,2026-09-08T22:02:41+00:00,8 hours ago,"Herndon, VA",On Site,1001-5000,"1. Currently pursuing a Bachelor's or Master's degree in Data Science, Statistics, Computer Science, Information Systems, Business Analytics, or a related field 2. Comfort initiating conversations with business users to gather requirements and clarify ambiguous asks; this role requires more direct stakeholder interaction than a typical technical internship 3. Understanding of major data modeling paradigms (3NF, star schema, etc.) and database technology concepts ...",https://jobright.ai/minisites-jobs/intern/us/data_science,minisite_scrape;category=data_science;cluster_hint=data_ml;posted=8 hours ago
Farm Credit Services of America,Artificial Intelligence Engineer - Intern,https://jobright.ai/jobs/info/6a9fe5435b2d5633ef3bb9b4,intern_list,internship_if_eligible,ml_ai,2026-09-08,2026-09-08T22:02:41+00:00,6 hours ago,"Omaha, NE",On Site,1001-5000,"1. Currently pursuing a Bachelor’s or Master’s degree in Computer Science or MIS, Electrical Engineering or similar degree. 2. Minimum of 3.0 GPA. 3. Effective written and verbal communication and interpersonal skills. ...",https://jobright.ai/minisites-jobs/intern/us/ml_ai,minisite_scrape;category=ml_ai;cluster_hint=data_ml;posted=6 hours ago
Farm Credit Services of America,Artificial Intelligence Engineer - Intern Job Details | Farm Credit Services of America,https://jobright.ai/jobs/info/6aa03eb93b5aa83237b07d51,intern_list,internship_if_eligible,ml_ai,2026-09-08,2026-09-08T22:02:41+00:00,4 hours ago,"Omaha, NE",On Site,1001-5000,"1. Currently pursuing a Bachelor’s or Master’s degree in Computer Science or MIS, Electrical Engineering or similar degree. 2. Minimum of 3.0 GPA. 3. Effective written and verbal communication and interpersonal skills. ...",https://jobright.ai/minisites-jobs/intern/us/ml_ai,minisite_scrape;category=ml_ai;cluster_hint=data_ml;posted=4 hours ago
Fervo Energy,Data Science Internship,https://jobright.ai/jobs/info/6a9fed365b2d5633ef3bbba5,intern_list,internship_if_eligible,data_science,2026-09-08,2026-09-08T22:02:41+00:00,6 hours ago,"Houston, TX",On Site,101-250,"1. Master's or PhD candidate wrapping up within the next year — we're building a pipeline toward full-time offers 2. Pursuing a degree in Data Science, Statistics, Computer Science, or a related quantitative field 3. Strong written and verbal communication skills, including comfort presenting to stakeholders and leadership ...",https://jobright.ai/minisites-jobs/intern/us/data_science,minisite_scrape;category=data_science;cluster_hint=data_ml;posted=6 hours ago
Formlabs,AI Software Intern (Winter/Spring 2027),https://jobright.ai/jobs/info/6aa0541a3b5aa83237b08685,intern_list,internship_if_eligible,ml_ai,2026-09-08,2026-09-08T22:02:41+00:00,3 hours ago,"Somerville, MA",On Site,501-1000,"1. Pursuing a BS, MS, or PhD in Computer Science, Physics, Applied Mathematics, or a related quantitative field with strong foundations in linear algebra and 3D geometry. 2. Deep proficiency in Python and hands-on prototyping experience using modern ML/DL frameworks like PyTorch or TensorFlow. 3. Solid foundational knowledge of C++ and clean code principles, with an interest in writing performant, production-ready code. ...",https://jobright.ai/minisites-jobs/intern/us/ml_ai,minisite_scrape;category=ml_ai;cluster_hint=data_ml;posted=3 hours ago
GE HealthCare,"Surgery Field Engineer Apprentice (Chattanooga, TN)",https://jobright.ai/jobs/info/6aa032d33b5aa83237b075be,intern_list,internship_if_eligible,healthcare,2026-09-08,2026-09-08T22:02:41+00:00,2 hours ago,"Chattanooga, TN",On Site,10000+,"1. * AS, BS degree, military education, certificate program, current student with less than 12 months from completion OR High School Diploma/GED with 6 months experience servicing electronic, IT or mechanical equipment. 2. * Must have reliable transportation and a valid driver's license. 3. * Legal authorization to work in the U.S. is required. We will not sponsor individuals for employment visas, now or in the future, for this job. ...",https://jobright.ai/minisites-jobs/intern/us/healthcare,minisite_scrape;category=healthcare;cluster_hint=health_ai;posted=2 hours ago
Gallup,AI/ML Research Intern — Summer 2027,https://jobright.ai/jobs/info/6aa045c9500b01124c777f9d,intern_list,internship_if_eligible,ml_ai,2026-09-08,2026-09-08T22:02:41+00:00,4 hours ago,"San Francisco, CA",Hybrid,1001-5000,"1. Enrollment in a bachelor’s or graduate degree program in computer science, data science, machine learning or a related quantitative field required 2. Programming experience relevant to machine learning or data science, including Python, required 3. Hands-on experience building, training, evaluating or experimenting with machine learning or AI systems through research, coursework or substantial independent projects required ...",https://jobright.ai/minisites-jobs/intern/us/ml_ai,minisite_scrape;category=ml_ai;cluster_hint=data_ml;posted=4 hours ago
Gallup,Data Science Intern — Summer 2027,https://jobright.ai/jobs/info/6aa045543b5aa83237b08108,intern_list,internship_if_eligible,data_science,2026-09-08,2026-09-08T22:02:41+00:00,4 hours ago,"San Francisco, CA",Hybrid,1001-5000,"1. Enrollment in a bachelor’s or graduate degree program in computer science, statistics, data science, engineering, math or a related field required 2. Classroom or work experience coding in a data science environment using Python and its data science libraries (e.g., pandas, NumPy, scikit-learn, PyTorch, Matplotlib) required 3. Aptitude in programmatic statistical analysis and modeling (univariate analysis or multivariate analysis) required ...",https://jobright.ai/minisites-jobs/intern/us/data_science,minisite_scrape;category=data_science;cluster_hint=data_ml;posted=4 hours ago
Gallup,Software Engineer Intern — Summer 2027,https://jobright.ai/jobs/info/6aa04563dbc0e60e37e0c945,intern_list,internship_if_eligible,swe,2026-09-08,2026-09-08T22:02:41+00:00,3 hours ago,"San Francisco, CA",Hybrid,1001-5000,"1. Enrollment in an associate, bachelor’s or graduate degree program in computer science, MIS or a related field required 2. Classroom, project, internship or work experience coding in TypeScript, JavaScript, React, Python, SQL or another development language required 3. Aptitude in programming analysis, design and creative problem-solving required ...",https://jobright.ai/minisites-jobs/intern/us/swe,minisite_scrape;category=swe;cluster_hint=cloud_swe;posted=3 hours ago
General Dynamics,Software Intern Engineer,https://jobright.ai/jobs/info/6aa05ee95b2d5633ef3be295,intern_list,internship_if_eligible,swe,2026-09-08,2026-09-08T22:02:41+00:00,2 hours ago,"Pittsfield, MA",On Site,10000+,"1. Candidates should demonstrate a thorough understanding of engineering technology. 2. Engineering Interns must be enrolled in an accredited degree program in Computer Engineering, Software Engineering or other related scientific or technical discipline with a preference for a standing of a sophomore or higher. 3. Candidates must be able to obtain a Secret clearance within a reasonable amount of time from date of hire. ...",https://jobright.ai/minisites-jobs/intern/us/swe,minisite_scrape;category=swe;cluster_hint=cloud_swe;posted=2 hours ago
General Dynamics,Systems Engineer Intern,https://jobright.ai/jobs/info/6aa05f063b5aa83237b08a97,intern_list,internship_if_eligible,swe,2026-09-08,2026-09-08T22:02:41+00:00,2 hours ago,"McLeansville, NC",On Site,10000+,"1. Candidates should demonstrate a thorough understanding of engineering technology. 2. Systems Interns must be enrolled in an accredited degree program in Mechanical, Systems Engineering discipline with a preference for a standing of a sophomore or higher. 3. Department of Defense secret security clearance is required within a reasonable period of time. ...",https://jobright.ai/minisites-jobs/intern/us/swe,minisite_scrape;category=swe;cluster_hint=cloud_swe;posted=2 hours ago
Gilead Sciences,Intern - Research - Data Sciences,https://jobright.ai/jobs/info/6a9fe4375bf5fa48b83b7939,intern_list,internship_if_eligible,data_science,2026-09-08,2026-09-08T22:02:41+00:00,11 hours ago,"San Francisco Bay Area, United States",Hybrid,10000+,"1. Must be at least 18 years of age at the start of the internship. 2. Must be enrolled full‑time in a Bachelor’s, Master’s, MBA, JD or PhD program at a nationally accredited U.S. college or university, with continued full‑time enrollment required in the Fall semester following the internship. 3. Must be currently enrolled as an undergraduate (freshman, sophomore, junior, or senior) or as a graduate/doctoral student. ...",https://jobright.ai/minisites-jobs/intern/us/data_science,minisite_scrape;category=data_science;cluster_hint=data_ml;posted=11 hours ago
IBM,Back End Developer Intern 2027 - RTP,https://jobright.ai/jobs/info/6aa05930dbc0e60e37e0d120,intern_list,internship_if_eligible,swe,2026-09-08,2026-09-08T22:02:41+00:00,3 hours ago,"Durham, NC",Hybrid,10000+,1. High School Diploma/GED 2. * Academic or professional experience with the Software Development Lifecycle 3. * Basic knowledge of operating systems and how they work (i.e. Operating systems courses) ...,https://jobright.ai/minisites-jobs/intern/us/swe,minisite_scrape;category=swe;cluster_hint=cloud_swe;posted=3 hours ago
IBM,DevOps Engineer Intern,https://jobright.ai/jobs/info/6aa059b8ea127c37946968f1,intern_list,internship_if_eligible,swe,2026-09-08,2026-09-08T22:02:41+00:00,3 hours ago,"Poughkeepsie, NY",Hybrid,10000+,1. High School Diploma/GED 2. • DevOps or Platform Engineering experience 3. • Kubernetes/OpenShift administration skills ...,https://jobright.ai/minisites-jobs/intern/us/swe,minisite_scrape;category=swe;cluster_hint=cloud_swe;posted=3 hours ago
IBM,Firmware Developer Intern - Poughkeepsie - 2027,https://jobright.ai/jobs/info/6aa05a085b2d5633ef3be121,intern_list,internship_if_eligible,swe,2026-09-08,2026-09-08T22:02:41+00:00,3 hours ago,"Poughkeepsie, NY",Hybrid,10000+,1. High School Diploma/GED 2. Passion to pursue career path in Computer Engineering or Computer Science 3. Fundamental education in software design and/or test ...,https://jobright.ai/minisites-jobs/intern/us/swe,minisite_scrape;category=swe;cluster_hint=cloud_swe;posted=3 hours ago
IBM,Intern Software Engineer / Agent Engineer - EDA - Austin,https://jobright.ai/jobs/info/6aa05a8e5b2d5633ef3be170,intern_list,internship_if_eligible,swe,2026-09-08,2026-09-08T22:02:41+00:00,3 hours ago,"Austin, TX",Hybrid,10000+,"1. High School Diploma/GED 2. Currently pursuing a BS, MS, or PhD in Computer Science, Computer Engineering, Electrical Engineering, or related field 3. Familiarity with object-oriented programming languages such as C++, Java, Rust, or similar ...",https://jobright.ai/minisites-jobs/intern/us/swe,minisite_scrape;category=swe;cluster_hint=cloud_swe;posted=3 hours ago
IBM,Intern Software Engineer / Agent Engineer - EDA - Poughkeepsie,https://jobright.ai/jobs/info/6aa05bd35b2d5633ef3be1cb,intern_list,internship_if_eligible,swe,2026-09-08,2026-09-08T22:02:41+00:00,3 hours ago,"Poughkeepsie, NY",Hybrid,10000+,"1. High School Diploma/GED 2. Currently pursuing a BS, MS, or PhD in Computer Science, Computer Engineering, Electrical Engineering, or related field 3. Familiarity with object-oriented programming languages such as C++, Java, Rust, or similar ...",https://jobright.ai/minisites-jobs/intern/us/swe,minisite_scrape;category=swe;cluster_hint=cloud_swe;posted=3 hours ago
Judi Health,AI Enablement Agent Development & Automation Intern (Part Time),https://jobright.ai/jobs/info/6aa017f7500b01124c776c5b,intern_list,internship_if_eligible,ml_ai,2026-09-08,2026-09-08T22:02:41+00:00,7 hours ago,"Denver, CO; New York, NY",Hybrid,1001-5000,"1. · Portfolio/Project Submission: Candidates are encouraged to provide links or examples of AI agents, automations, applications, GitHub repositories, hackathon projects, coursework, or other AI solutions they have personally designed or built. 2. · Currently pursuing a Bachelor's or Master's degree in Computer Science, Information Systems, Data Science, Artificial Intelligence, Engineering, Business Analytics, Management Information Systems, or a related field. 3. · Demonstrated interest or hands-on experience with generative AI, AI agents, automation, software development, or emerging technology. ...",https://jobright.ai/minisites-jobs/intern/us/ml_ai,minisite_scrape;category=ml_ai;cluster_hint=data_ml;posted=7 hours ago
LiftedViz,Data Visualization Intern - Event Analytics,https://jobright.ai/jobs/info/6aa062c1ea127c3794696b61,intern_list,internship_if_eligible,data_analysis,2026-09-08,2026-09-08T22:02:41+00:00,2 hours ago,United States,Remote,1-10,"1. LiftedViz offers a quarterly unpaid educational internship designed for university students, recent graduates, and adult learners who want to build a strong resume, portfolio, and professional skill set for careers in data analytics. 2. 10 hours/week for 10 weeks 3. Two weekly 1-hour live virtual meetings (morning or evening PST) ...",https://jobright.ai/minisites-jobs/intern/us/data_analysis,minisite_scrape;category=data_analysis;cluster_hint=data_ml;posted=2 hours ago
Lionchase North America,Platfrom Engineering Internship,https://jobright.ai/jobs/info/6aa065bbea127c3794696d14,intern_list,internship_if_eligible,swe,2026-09-08,2026-09-08T22:02:41+00:00,2 hours ago,United States,Remote,11-50,"1. The individual should have a strong interest in platform engineering, technology, and problem-solving. 2. The role includes attending two weekly meetings 3. completing assigned weekly tasks. ...",https://jobright.ai/minisites-jobs/intern/us/swe,minisite_scrape;category=swe;cluster_hint=cloud_swe;posted=2 hours ago
Mapfre,Intern (IT Product Engineering - Common Capabilities),https://jobright.ai/jobs/info/6aa03dec5b2d5633ef3bd4ef,intern_list,internship_if_eligible,swe,2026-09-08,2026-09-08T22:02:41+00:00,2 hours ago,"Webster, MA",On Site,10000+,1. Candidates must be enrolled in an accredited college degree program. 2. Must be able to provide own transportation. 3. Undergraduate (Rising Junior / Senior) ...,https://jobright.ai/minisites-jobs/intern/us/swe,minisite_scrape;category=swe;cluster_hint=cloud_swe;posted=2 hours ago
MarketEQ,Data Science & AI Intern,https://jobright.ai/jobs/info/6aa05b8bdbc0e60e37e0d21b,intern_list,internship_if_eligible,data_science,2026-09-08,2026-09-08T22:02:41+00:00,3 hours ago,United States,Remote,1-10,"1. Remote | Unpaid Internship | 6-12 months | 15–20 hrs/week | Master’s Degree Required 2. • Are pursuing a Master’s degree in Data Science, Data Analytics, or a related field 3. • Have experience using Python for data analysis or machine learning ...",https://jobright.ai/minisites-jobs/intern/us/data_science,minisite_scrape;category=data_science;cluster_hint=data_ml;posted=3 hours ago
Medpace,Clinical Informatics Intern - Summer 2027,https://jobright.ai/jobs/info/6aa03779500b01124c77763b,intern_list,internship_if_eligible,healthcare,2026-09-08,2026-09-08T22:02:41+00:00,5 hours ago,"Cincinnati, OH",On Site,5001-10000,"1. Enrollment in Bachelor’s program for informatics, computer science/engineering, biomedical engineering, health information, statistics, or related field; 2. Analytical thinker with great attention to detail; 3. Ability to work effectively on a sprint schedule; ...",https://jobright.ai/minisites-jobs/intern/us/healthcare,minisite_scrape;category=healthcare;cluster_hint=health_ai;posted=5 hours ago
Medpace,Feasibility Informatics Internship/Co-Op Summer 2027,https://jobright.ai/jobs/info/6aa0372b5b2d5633ef3bcf89,intern_list,internship_if_eligible,healthcare,2026-09-08,2026-09-08T22:02:41+00:00,5 hours ago,"Cincinnati, OH",On Site,5001-10000,"1. Junior or Senior pursuing a Bachelor’s or Master's or PhD degree in computer science/engineering, biomedical engineering, health information, statistics, bioinformatics, or related field 2. GPA 3.5+ 3. Excellent verbal and written communication skills ...",https://jobright.ai/minisites-jobs/intern/us/healthcare,minisite_scrape;category=healthcare;cluster_hint=health_ai;posted=5 hours ago
Meijer,Data Science Intern - Summer 2027,https://jobright.ai/jobs/info/6aa03f50a2266b538d22f21a,intern_list,internship_if_eligible,data_science,2026-09-08,2026-09-08T22:02:41+00:00,4 hours ago,"Grand Rapids, MI",Hybrid,10000+,"1. Progress toward a Bachelor’s or Master’s Degree – Data Science, Computer Science, Mathematics, Statistics, Economics, or related quantitative field. 2. Customer focused -- dedicated to meeting the expectations of internal and external customers. 3. Relationship skills -- can create positive working relationships with customers, team members, leadership, and other internal and external constituencies. ...",https://jobright.ai/minisites-jobs/intern/us/data_science,minisite_scrape;category=data_science;cluster_hint=data_ml;posted=4 hours ago
Midcontinent Independent System Operator (MISO),2027 Summer Intern - Data Science,https://jobright.ai/jobs/info/6a9ff2165b2d5633ef3bbc71,intern_list,internship_if_eligible,data_science,2026-09-08,2026-09-08T22:02:41+00:00,3 hours ago,"Carmel, IN",On Site,501-1000,"1. Are you pursuing a graduate level degree in Artificial Intelligence, Computer Science/Technology, Computer Engineering, Data Science, or a related field and searching for a career-igniting **summer internship in 2027**? 2. * Are pursuing Artificial Intelligence, Computer Science/Technology, Computer Engineering, or Data Science at the undergraduate or graduate level. 3. * Have skills in Python, GitHub, GitHub Copilot, generative AI, LLMs, prompt engineering, RAG, agent frameworks, and automation principles. ...",https://jobright.ai/minisites-jobs/intern/us/data_science,minisite_scrape;category=data_science;cluster_hint=data_ml;posted=3 hours ago
Midcontinent Independent System Operator (MISO),2027 Summer Intern - Operations Analytics,https://jobright.ai/jobs/info/6aa007165b2d5633ef3bc08f,intern_list,internship_if_eligible,data_analysis,2026-09-08,2026-09-08T22:02:41+00:00,3 hours ago,"Carmel, IN",On Site,501-1000,"1. Academic Level: Undergraduate 2. Degree: Industrial Engineering, Operations Research, or Data Analytics 3. * Strong skills in Microsoft Excel and Power BI ...",https://jobright.ai/minisites-jobs/intern/us/data_analysis,minisite_scrape;category=data_analysis;cluster_hint=data_ml;posted=3 hours ago
Oak Ridge Institute for Science and Education,CDC Public Health Analysis/Data Management Fellowship (Jurisdictional Readiness and Response),https://jobright.ai/jobs/info/6aa04e043b5aa83237b083cd,intern_list,internship_if_eligible,healthcare,2026-09-08,2026-09-08T22:02:41+00:00,3 hours ago,"Atlanta, GA",On Site,501-1000,"1. The qualified candidate should be currently pursuing or have received a bachelor's or master's degree in the one of the relevant fields (public health, epidemiology, the medical field, health sciences, or allied sciences). 2. The degree must be from an educational program from an accrediting body recognized by the U.S. Department of Education at the time the degree was obtained. 3. • Degree: Bachelor's Degree or Master's Degree.",https://jobright.ai/minisites-jobs/intern/us/healthcare,minisite_scrape;category=healthcare;cluster_hint=health_ai;posted=3 hours ago
OnePay,"AI Research, Intern",https://jobright.ai/jobs/info/6aa03e835b2d5633ef3bd567,intern_list,internship_if_eligible,ml_ai,2026-09-08,2026-09-08T22:02:41+00:00,5 hours ago,"New York, NY",Hybrid,501-1000,"1. • Pursuing a Bachelor’s Degree: You’re a current student expected to graduate in the Fall 2027/Spring of 2028 majoring in computer science, data science, operations research, applied math, stats, physics, or related technical field. 2. • Prior Experience: You've completed at least one previous software engineering internship, or have built substantial personal or academic projects you're excited to talk through. 3. • Availability: This is a full-time, 8-week program running June 21 - August 13, 2027. You are available to work in our New York City office at least 3-4 days a week throughout. ...",https://jobright.ai/minisites-jobs/intern/us/ml_ai,minisite_scrape;category=ml_ai;cluster_hint=data_ml;posted=5 hours ago
Quantbot Technologies LP,Data Trading Analyst Summer Internship - 2027 [New York],https://jobright.ai/jobs/info/6a7b255eecf5194164fbc2d4,intern_list,internship_if_eligible,data_science,2026-09-08,2026-09-08T22:02:41+00:00,5 hours ago,"New York, NY",On Site,101-250,1. Enrollment in a Bachelor’s or Master’s program in Computer Science or Data Science-related field. Juniors and seniors encouraged to apply. 2. Advanced proficiency in Python. 3. Proficiency in SQL. ...,https://jobright.ai/minisites-jobs/intern/us/data_science,minisite_scrape;category=data_science;cluster_hint=data_ml;posted=5 hours ago
RSM US LLP,Cloud Services Consulting Intern - Summer 2027,https://jobright.ai/jobs/info/6aa02184ea127c37946951b2,intern_list,internship_if_eligible,swe,2026-09-08,2026-09-08T22:02:41+00:00,2 hours ago,"Des Moines, IA",On Site,10000+,"1. A passion for technology and a desire to learn 2. Pursuing a bachelor's or Master’s degree in Management Information Systems, Computer Science or IT related concentration. 3. Knowledge of Microsoft Office, including Word, Excel and Visio ...",https://jobright.ai/minisites-jobs/intern/us/swe,minisite_scrape;category=swe;cluster_hint=cloud_swe;posted=2 hours ago
Selective Insurance,"Advanced Analytics Summer Internship, Actuarial – Short Hills, NJ (Hybrid)",https://jobright.ai/jobs/info/6a9f942668f82b403673d5fa,intern_list,internship_if_eligible,data_science,2026-09-08,2026-09-08T22:02:41+00:00,16 hours ago,"Millburn, NJ",Hybrid,1001-5000,"1. Effective communication and interpersonal skills. 2. Critical thinking and analytical skills required; you will be identifying solutions to a problem, not simply executing existing solutions. 3. Proficient with Microsoft Office, specifically Excel. ...",https://jobright.ai/minisites-jobs/intern/us/data_science,minisite_scrape;category=data_science;cluster_hint=data_ml;posted=16 hours ago
Southern Farm Bureau Life Insurance Company,Business Intelligence/Data Insights Intern,https://jobright.ai/jobs/info/6aa054dfea127c37946966f3,intern_list,internship_if_eligible,data_analysis,2026-09-08,2026-09-08T22:02:41+00:00,3 hours ago,"Jackson, MS",On Site,501-1000,"1. Rising Junior, Senior, or Graduate student in Computer Science, Data Analytics, Mathematics, or Business degree 2. Proficient skills in Excel 3. Strong communication skills ...",https://jobright.ai/minisites-jobs/intern/us/data_analysis,minisite_scrape;category=data_analysis;cluster_hint=data_ml;posted=3 hours ago
Southern Farm Bureau Life Insurance Company,Data Analytics Intern,https://jobright.ai/jobs/info/6aa054ab500b01124c778516,intern_list,internship_if_eligible,data_science,2026-09-08,2026-09-08T22:02:41+00:00,3 hours ago,"Jackson, MS",On Site,501-1000,"1. Completion of first year of Master’s or PhD program in Biostatistics/Data Science 2. Aptitude for building and implementing predictive models in a highly documented, well presented fashion 3. Exposure to development language environments: e.g. Python, Java, Power BI, R, SQL, etc. and applying analytical methods to large and complex datasets leveraging one of those languages ...",https://jobright.ai/minisites-jobs/intern/us/data_science,minisite_scrape;category=data_science;cluster_hint=data_ml;posted=3 hours ago
Southern Farm Bureau Life Insurance Company,Data Governance Intern,https://jobright.ai/jobs/info/6aa0553fa2266b538d22fb2f,intern_list,internship_if_eligible,data_analysis,2026-09-08,2026-09-08T22:02:41+00:00,3 hours ago,"Jackson, MS",On Site,501-1000,"1. Rising Junior or Senior in a Computer Science, BIS, MIS, or similar major 2. Basic skills using MS Word and Excel 3. Basic typing skills (40 WPM) ...",https://jobright.ai/minisites-jobs/intern/us/data_analysis,minisite_scrape;category=data_analysis;cluster_hint=data_ml;posted=3 hours ago
Spirit AeroSystems,Boeing - Tulsa Summer 2027 Internship Program (Paid) - Information Digital Technology & Security (IDT&S),https://jobright.ai/jobs/info/6aa063823b5aa83237b08bb0,intern_list,internship_if_eligible,swe,2026-09-08,2026-09-08T22:02:41+00:00,2 hours ago,"Tulsa, OK",On Site,10000+,1. • Currently enrolled in a four-year undergraduate or graduate degree program 2. • Ability to work full-time during Summer 2027,https://jobright.ai/minisites-jobs/intern/us/swe,minisite_scrape;category=swe;cluster_hint=cloud_swe;posted=2 hours ago
Spirit AeroSystems,Boeing - Wichita Summer 2027 Internship Program (Paid) - Data Analytics - Production & Industrial Engineering,https://jobright.ai/jobs/info/6aa02365a2266b538d22e5b7,intern_list,internship_if_eligible,data_analysis,2026-09-08,2026-09-08T22:02:41+00:00,2 hours ago,"Wichita, KS",On Site,10000+,1. * Currently enrolled in a four-year undergraduate or graduate degree program 2. * Ability to work full-time during Summer 2027,https://jobright.ai/minisites-jobs/intern/us/data_analysis,minisite_scrape;category=data_analysis;cluster_hint=data_ml;posted=2 hours ago
Spirit AeroSystems,Boeing - Wichita Summer 2027 Internship Program (Paid) - Information Digital Technology & Security (IDT&S),https://jobright.ai/jobs/info/6aa04400ea127c3794696109,intern_list,internship_if_eligible,swe,2026-09-08,2026-09-08T22:02:41+00:00,2 hours ago,"Wichita, KS",On Site,10000+,1. Currently enrolled in a four-year undergraduate or graduate degree program 2. Ability to work full-time during Summer 2027,https://jobright.ai/minisites-jobs/intern/us/swe,minisite_scrape;category=swe;cluster_hint=cloud_swe;posted=2 hours ago
Spirit AeroSystems,Boeing - Wichita Summer 2027 Internship Program (Paid) - Programmer Analyst / Developer - IDT&S,https://jobright.ai/jobs/info/6aa043f95b2d5633ef3bd8a3,intern_list,internship_if_eligible,swe,2026-09-08,2026-09-08T22:02:41+00:00,2 hours ago,"Wichita, KS",On Site,10000+,1. Currently enrolled in a four-year undergraduate or graduate degree program 2. Ability to work full-time during Summer 2027,https://jobright.ai/minisites-jobs/intern/us/swe,minisite_scrape;category=swe;cluster_hint=cloud_swe;posted=2 hours ago
Spirit AeroSystems,Spirit Defense - Summer 2027 Internship Program (Paid) - Information Digital Technology & Security (IDT&S),https://jobright.ai/jobs/info/6aa0575aea127c37946967fe,intern_list,internship_if_eligible,swe,2026-09-08,2026-09-08T22:02:41+00:00,2 hours ago,"Wichita, KS",On Site,10000+,1. Currently enrolled in a four-year undergraduate or graduate degree program 2. Ability to work full-time during Summer 2027,https://jobright.ai/minisites-jobs/intern/us/swe,minisite_scrape;category=swe;cluster_hint=cloud_swe;posted=2 hours ago
TikTok,Data Science Intern (Advertisement Team) - 2026 Start (PhD),https://jobright.ai/jobs/info/6a73f24d8cd88e7ccbf5ae79,intern_list,internship_if_eligible,data_science,2026-09-08,2026-09-08T22:02:41+00:00,12 hours ago,"San Jose, CA",On Site,10000+,"1. Currently pursuing PhD degree in a quantitative field (Economics, Statistics, Applied Math, Engineering, Computer Science, Business Analytic etc) 2. Experience with data querying and manipulation using SQL, Python, or R 3. Experience with data analysis in a scripting language (R, Python, Matlab) ...",https://jobright.ai/minisites-jobs/intern/us/data_science,minisite_scrape;category=data_science;cluster_hint=data_ml;posted=12 hours ago
TikTok,Data Science Intern (Advertisement Team) - 2027 Start (PhD),https://jobright.ai/jobs/info/6a7d66eda346cb6c8d5f2380,intern_list,internship_if_eligible,data_science,2026-09-08,2026-09-08T22:02:41+00:00,12 hours ago,"San Jose, CA",On Site,10000+,"1. Currently pursuing a PhD degree in a quantitative field such as Economics, Statistics, Applied Mathematics, Engineering, Computer Science, or Business Analytics. 2. Experience with data querying and manipulation using SQL, Python, or R. 3. Experience performing data analysis using a scripting language such as Python, R, or MATLAB. ...",https://jobright.ai/minisites-jobs/intern/us/data_science,minisite_scrape;category=data_science;cluster_hint=data_ml;posted=12 hours ago
TikTok,Data Science Intern (TikTok Integrity and Safety) - 2027 Summer,https://jobright.ai/jobs/info/6a71a42202d93145bf89023b,intern_list,internship_if_eligible,data_science,2026-09-08,2026-09-08T22:02:41+00:00,12 hours ago,"San Jose, CA",On Site,10000+,"1. Currently pursuing a Undergraduate/ Master's in Data Science or a related Data Science discipline. 2. Familiar with common statistical analysis methods, proficient in SQL, Python/R, and other programming languages, with preference for those with data processing and analysis experience. 3. Excellent logical thinking, strong problem analysis and solving skills, good communication and collaboration abilities, passionate about challenges. ...",https://jobright.ai/minisites-jobs/intern/us/data_science,minisite_scrape;category=data_science;cluster_hint=data_ml;posted=12 hours ago
TikTok,Data Science Intern (TikTok Product) - 2027 Summer,https://jobright.ai/jobs/info/6a7284f8ee751e0c793493e5,intern_list,internship_if_eligible,data_science,2026-09-08,2026-09-08T22:02:41+00:00,12 hours ago,"San Jose, CA",On Site,10000+,"1. Currently pursuing a Undergraduate/ Master's in Data Science or a related Data Science discipline. 2. Proficient in data querying languages and at least one scripting language (e.g. Python、R) 3. Experience in one or more of the following methods: forecasting, statistical and causal inference, classification methods.",https://jobright.ai/minisites-jobs/intern/us/data_science,minisite_scrape;category=data_science;cluster_hint=data_ml;posted=12 hours ago
TikTok,Data Science Project Intern (Advertisement Team) - 2026 Start,https://jobright.ai/jobs/info/6a8419418d793736c6133bf1,intern_list,internship_if_eligible,data_science,2026-09-08,2026-09-08T22:02:41+00:00,12 hours ago,"San Jose, CA",On Site,10000+,"1. Currently pursuing a Undergraduate degree in a quantitative field (Economics, Statistics, Applied Math, Engineering, Computer Science, Business Analytic etc) or a related discipline 2. Experience with data querying and manipulation using SQL, Python, or R 3. Experience with data analysis in a scripting language (R, Python, Matlab)",https://jobright.ai/minisites-jobs/intern/us/data_science,minisite_scrape;category=data_science;cluster_hint=data_ml;posted=12 hours ago
TikTok,Data Scientist Intern (VOD Data) - 2027 Summer,https://jobright.ai/jobs/info/6a72f51b6ffeee418e5b7eac,intern_list,internship_if_eligible,data_science,2026-09-08,2026-09-08T22:02:41+00:00,12 hours ago,"San Jose, CA",On Site,10000+,"1. Currently pursuing an Undergraduate/Master in Computer Science, Computer Engineering or a related technical discipline 2. Experience in data science roles, preferably working on mobile application performance analysis and user experience optimization 3. Experience working with creation-oriented user behavior ...",https://jobright.ai/minisites-jobs/intern/us/data_science,minisite_scrape;category=data_science;cluster_hint=data_ml;posted=12 hours ago
TikTok,Data Scientist Project Intern (TikTok Integrity and Safety) - 2026 Start,https://jobright.ai/jobs/info/6a706e07419cf50d04e41812,intern_list,internship_if_eligible,data_science,2026-09-08,2026-09-08T22:02:41+00:00,11 hours ago,"San Jose, CA",On Site,10000+,"1. Currently pursuing a Bachelor's, or Master's degree in Mathematics, Statistics, Economics, Computer Science, Data Science etc relevant technical field, or equivalent practical experience 2. Familiar with common statistical analysis methods, proficient in SQL, Python/R, and other programming languages, with preference for those with data processing and analysis experience. 3. Excellent logical thinking, strong problem analysis and solving skills, good communication and collaboration abilities, passionate about challenges. ...",https://jobright.ai/minisites-jobs/intern/us/data_science,minisite_scrape;category=data_science;cluster_hint=data_ml;posted=11 hours ago
U.S. Bank,2027 Business Analytics Summer Intern,https://jobright.ai/jobs/info/6aa055c9ea127c3794696737,intern_list,internship_if_eligible,data_analysis,2026-09-08,2026-09-08T22:02:41+00:00,2 hours ago,"Minneapolis, MN",Hybrid,10000+,"1. Pursuing a bachelor’s degree with a target graduation of December 2027 or spring 2028. 2. Coursework in Analytics, Statistics, Mathematics, Data Science, Economics, Computer Science, Technical Writing, Communications, Marketing, Entrepreneurial , Management Information Systems ( or similar), and/or the ability to apply knowledge in those areas to understanding the overall financial services business environment 3. Analytical and problem-solving skills with the ability to work with , interpret, and synthesis large and complex data sets. ...",https://jobright.ai/minisites-jobs/intern/us/data_analysis,minisite_scrape;category=data_analysis;cluster_hint=data_ml;posted=2 hours ago
U.S. Bank,2027 Information Security Summer Intern,https://jobright.ai/jobs/info/6aa025943b5aa83237b07231,intern_list,internship_if_eligible,swe,2026-09-08,2026-09-08T22:02:41+00:00,2 hours ago,"Cincinnati, OH",Hybrid,10000+,"1. Pursuing a bachelor’s degree in cybersecurity, computer science/engineering, management information systems, or similar majors with a target graduation date of December 2027 or spring 2028. 2. Basic understanding of information security and technology terms, concepts, and applications through relevant coursework or projects in network security, access and authorization, security risk management, cloud computing, fundamentals of cryptography, or development coding course (i.e., Python or similar) 3. Ability to start internship program on June 7, 2027. ...",https://jobright.ai/minisites-jobs/intern/us/swe,minisite_scrape;category=swe;cluster_hint=cloud_swe;posted=2 hours ago
UST HealthProof,Mainframe Apprenticeship - Entry-Level,https://jobright.ai/jobs/info/6a527676e726ec56126a3351,intern_list,internship_if_eligible,swe,2026-09-08,2026-09-08T22:02:41+00:00,2 hours ago,"Omaha, NE",On Site,5001-10000,"1. No Mainframe experience needed 2. Ability to follow structured procedures, runbooks, and escalation paths. 3. Strong attention to detail and ability to work effectively in a **high‑availability, time‑sensitive environment**. ...",https://jobright.ai/minisites-jobs/intern/us/swe,minisite_scrape;category=swe;cluster_hint=cloud_swe;posted=2 hours ago
Vertiv,Data and Analytics Intern (Summer 2027),https://jobright.ai/jobs/info/6aa053f4a2266b538d22fabe,intern_list,internship_if_eligible,data_analysis,2026-09-08,2026-09-08T22:02:41+00:00,3 hours ago,"Westerville, OH",On Site,10000+,"1. Currently enrolled in a degree program in Data Science, Computer Science, Information Systems, Business Analytics, Supply Chain Analytics, or a related field. 2. Proficiency in Python, including experience with Pandas, NumPy, or similar data-manipulation libraries. 3. Foundational understanding of SQL, relational databases, and data-modeling concepts. ...",https://jobright.ai/minisites-jobs/intern/us/data_analysis,minisite_scrape;category=data_analysis;cluster_hint=data_ml;posted=3 hours ago
Workato,"Intern, AI Engineering",https://jobright.ai/jobs/info/6a51d0b9ae4052672fe9b5e3,intern_list,internship_if_eligible,swe,2026-09-08,2026-09-08T22:02:41+00:00,3 hours ago,"San Francisco, CA",On Site,501-1000,"1. Currently pursuing MS/PhD in Computer Science, Machine Learning, Natural Language Processing, or related fields 2. Publications at top-tier venues (ICML, NeurIPS, ICLR, ACL, EMNLP, NAACL) 3. Strong programming skills in Python and PyTorch ...",https://jobright.ai/minisites-jobs/intern/us/swe,minisite_scrape;category=swe;cluster_hint=cloud_swe;posted=3 hours ago
Anyscale,Software Engineer (Ray Core),https://jobs.ashbyhq.com/anyscale/81809616-ef2f-44f8-bcee-d1e17749f45d/application,ashby_sweep,new_grad,swe,2026-09-03,2026-09-08T22:03:53.382468+00:00,2026-09-03T21:14:22.858+00:00,San Francisco,,,,https://jobs.ashbyhq.com/anyscale/81809616-ef2f-44f8-bcee-d1e17749f45d,g2_candidate;corrections=sponsorship_answer_no;department=Engineering
Baseten,Data Scientist (Analytics),https://jobs.ashbyhq.com/baseten/f160637f-b6bf-4f69-a8bd-862a3a3a8b0d/application,ashby_sweep,new_grad,swe,2026-09-02,2026-09-08T22:03:53.382468+00:00,2026-09-02T23:03:12.050+00:00,San Francisco,,,,https://jobs.ashbyhq.com/baseten/f160637f-b6bf-4f69-a8bd-862a3a3a8b0d,corrections=sponsorship_answer_no;blockers=required_essay;workplaceType=Hybrid;department=G&A
Baseten,Software Engineer - Identity and Authorization,https://jobs.ashbyhq.com/baseten/19972142-ec0b-4049-8d8f-6a341f57f938/application,ashby_sweep,new_grad,swe,2026-09-02,2026-09-08T22:03:53.382468+00:00,2026-09-02T15:37:51.977+00:00,San Francisco,,,,https://jobs.ashbyhq.com/baseten/19972142-ec0b-4049-8d8f-6a341f57f938,g2_candidate;corrections=sponsorship_answer_no;workplaceType=Hybrid;department=EPD
Clera,AI & Backend Engineer,https://jobs.ashbyhq.com/clera/0113cb2f-de6d-417d-bf9f-14fe2bbf1b88/application,ashby_sweep,new_grad,swe,2026-09-03,2026-09-08T22:03:53.382468+00:00,2026-09-03T17:05:31.687+00:00,Munich,,,,https://jobs.ashbyhq.com/clera/0113cb2f-de6d-417d-bf9f-14fe2bbf1b88,kind=agency;workplaceType=OnSite;department=Engineering
Clera,AI Engineer,https://jobs.ashbyhq.com/clera/d63304f9-e644-4bda-9659-26a64f79c43a/application,ashby_sweep,new_grad,swe,2026-09-08,2026-09-08T22:03:53.382468+00:00,2026-09-08T19:41:49.041+00:00,Stockholm,,,,https://jobs.ashbyhq.com/clera/d63304f9-e644-4bda-9659-26a64f79c43a,kind=agency;workplaceType=OnSite;department=Engineering
Clera,"AI Engineer, Model Training and Deployment",https://jobs.ashbyhq.com/clera/ed13a7e4-ec78-4117-afd2-c4df5a9b7305/application,ashby_sweep,new_grad,swe,2026-09-08,2026-09-08T22:03:53.382468+00:00,2026-09-08T19:49:21.579+00:00,Munich,,,,https://jobs.ashbyhq.com/clera/ed13a7e4-ec78-4117-afd2-c4df5a9b7305,kind=agency;workplaceType=OnSite;department=Engineering
Clera,AI-Native Founder's Associate,https://jobs.ashbyhq.com/clera/a9366ce9-b384-4bd9-9538-bb1e30d7f95d/application,ashby_sweep,new_grad,swe,2026-09-03,2026-09-08T22:03:53.382468+00:00,2026-09-03T01:44:42.457+00:00,San Francisco,,,,https://jobs.ashbyhq.com/clera/a9366ce9-b384-4bd9-9538-bb1e30d7f95d,kind=agency;workplaceType=OnSite;department=Engineering
Clera,ASR Engineer,https://jobs.ashbyhq.com/clera/b06381ad-3345-47a5-9ed8-23fe9e7b4e7c/application,ashby_sweep,new_grad,swe,2026-09-03,2026-09-08T22:03:53.382468+00:00,2026-09-03T01:46:19.235+00:00,San Francisco,,,,https://jobs.ashbyhq.com/clera/b06381ad-3345-47a5-9ed8-23fe9e7b4e7c,kind=agency;workplaceType=OnSite;department=Engineering
Clera,Applied AI Engineer - AI & Automation,https://jobs.ashbyhq.com/clera/5d101104-d9b0-4f84-a11e-ae2e6861bca6/application,ashby_sweep,new_grad,swe,2026-09-04,2026-09-08T22:03:53.382468+00:00,2026-09-04T17:06:52.519+00:00,Berlin,,,,https://jobs.ashbyhq.com/clera/5d101104-d9b0-4f84-a11e-ae2e6861bca6,kind=agency;workplaceType=OnSite;department=Engineering
Clera,Backend Engineer,https://jobs.ashbyhq.com/clera/17a1be89-9b71-40af-a2aa-a7f50be47e05/application,ashby_sweep,new_grad,swe,2026-09-05,2026-09-08T22:03:53.382468+00:00,2026-09-05T17:25:13.327+00:00,Berlin,,,,https://jobs.ashbyhq.com/clera/17a1be89-9b71-40af-a2aa-a7f50be47e05,kind=agency;workplaceType=OnSite;department=Engineering
Clera,Cloud / DevOps Engineer,https://jobs.ashbyhq.com/clera/275c2a05-badf-4d41-a9d1-050014e6a41c/application,ashby_sweep,new_grad,swe,2026-09-03,2026-09-08T22:03:53.382468+00:00,2026-09-03T01:45:29.736+00:00,Berlin,,,,https://jobs.ashbyhq.com/clera/275c2a05-badf-4d41-a9d1-050014e6a41c,kind=agency;workplaceType=OnSite;department=Engineering
Clera,Data Scientist,https://jobs.ashbyhq.com/clera/ad1a962d-505a-4198-a551-bedaa87020ed/application,ashby_sweep,new_grad,swe,2026-09-03,2026-09-08T22:03:53.382468+00:00,2026-09-03T21:45:31.894+00:00,Berlin,,,,https://jobs.ashbyhq.com/clera/ad1a962d-505a-4198-a551-bedaa87020ed,kind=agency;workplaceType=OnSite;department=Engineering
Clera,Developer Relations Engineer,https://jobs.ashbyhq.com/clera/359aa0a1-c617-4d1f-87bf-3eefca964d28/application,ashby_sweep,new_grad,swe,2026-09-04,2026-09-08T22:03:53.382468+00:00,2026-09-04T15:44:47.320+00:00,San Francisco,,,,https://jobs.ashbyhq.com/clera/359aa0a1-c617-4d1f-87bf-3eefca964d28,kind=agency;workplaceType=OnSite;department=Engineering
Clera,Forward Deployed Engineer,https://jobs.ashbyhq.com/clera/2d24aa21-569f-4d72-8fd4-fbffcc7effd8/application,ashby_sweep,new_grad,swe,2026-09-03,2026-09-08T22:03:53.382468+00:00,2026-09-03T17:16:19.028+00:00,San Francisco,,,,https://jobs.ashbyhq.com/clera/2d24aa21-569f-4d72-8fd4-fbffcc7effd8,kind=agency;workplaceType=OnSite;department=Engineering
Clera,Forward Deployed Engineer,https://jobs.ashbyhq.com/clera/57b9d20b-25e3-4a0c-8a3f-026bd975701f/application,ashby_sweep,new_grad,swe,2026-09-03,2026-09-08T22:03:53.382468+00:00,2026-09-03T17:23:04.846+00:00,Berlin,,,,https://jobs.ashbyhq.com/clera/57b9d20b-25e3-4a0c-8a3f-026bd975701f,kind=agency;workplaceType=OnSite;department=Engineering
Clera,Forward Deployed Engineer,https://jobs.ashbyhq.com/clera/53d8d4e8-9bf7-4c9b-8120-c3f89b9050ab/application,ashby_sweep,new_grad,swe,2026-09-05,2026-09-08T22:03:53.382468+00:00,2026-09-05T17:03:58.234+00:00,San Francisco,,,,https://jobs.ashbyhq.com/clera/53d8d4e8-9bf7-4c9b-8120-c3f89b9050ab,kind=agency;workplaceType=OnSite;department=Engineering
Clera,Forward Deployed Engineer,https://jobs.ashbyhq.com/clera/31a7e542-5555-4a21-a005-640c91db4ddf/application,ashby_sweep,new_grad,swe,2026-09-08,2026-09-08T22:03:53.382468+00:00,2026-09-08T21:15:46.679+00:00,Berlin,,,,https://jobs.ashbyhq.com/clera/31a7e542-5555-4a21-a005-640c91db4ddf,kind=agency;workplaceType=OnSite;department=Engineering
Clera,Forward Deployed Research Engineer,https://jobs.ashbyhq.com/clera/108efcb6-3c5d-4ac0-b8ab-db0213333f22/application,ashby_sweep,new_grad,swe,2026-09-04,2026-09-08T22:03:53.382468+00:00,2026-09-04T17:12:51.687+00:00,Singapore,,,,https://jobs.ashbyhq.com/clera/108efcb6-3c5d-4ac0-b8ab-db0213333f22,kind=agency;workplaceType=OnSite;department=Engineering
Clera,Founding AI Engineer,https://jobs.ashbyhq.com/clera/cce6d9bd-377b-4312-9d95-4dfe2eb2f4fe/application,ashby_sweep,new_grad,swe,2026-09-03,2026-09-08T22:03:53.382468+00:00,2026-09-03T17:09:38.818+00:00,Amsterdam,,,,https://jobs.ashbyhq.com/clera/cce6d9bd-377b-4312-9d95-4dfe2eb2f4fe,kind=agency;workplaceType=OnSite;department=Engineering
Clera,Founding AI Engineer,https://jobs.ashbyhq.com/clera/e668f8ff-f2b0-4663-b4d0-178413ca044c/application,ashby_sweep,new_grad,swe,2026-09-05,2026-09-08T22:03:53.382468+00:00,2026-09-05T17:23:33.301+00:00,San Francisco,,,,https://jobs.ashbyhq.com/clera/e668f8ff-f2b0-4663-b4d0-178413ca044c,kind=agency;workplaceType=OnSite;department=Engineering
Clera,Founding Agentic Engineer,https://jobs.ashbyhq.com/clera/08be6e2b-6696-4743-8bb1-f0bfdd3dbbbb/application,ashby_sweep,new_grad,swe,2026-09-08,2026-09-08T22:03:53.382468+00:00,2026-09-08T19:51:51.173+00:00,San Francisco,,,,https://jobs.ashbyhq.com/clera/08be6e2b-6696-4743-8bb1-f0bfdd3dbbbb,kind=agency;workplaceType=OnSite;department=Engineering
Clera,Founding Design Engineer,https://jobs.ashbyhq.com/clera/56856024-54b3-450a-b36e-489ffdcbe8d9/application,ashby_sweep,new_grad,swe,2026-09-03,2026-09-08T22:03:53.382468+00:00,2026-09-03T17:10:31.340+00:00,San Francisco,,,,https://jobs.ashbyhq.com/clera/56856024-54b3-450a-b36e-489ffdcbe8d9,kind=agency;workplaceType=OnSite;department=Engineering
Clera,Founding Engineer,https://jobs.ashbyhq.com/clera/2255d466-fe13-40ec-b0ce-e6eb475602e7/application,ashby_sweep,new_grad,swe,2026-09-02,2026-09-08T22:03:53.382468+00:00,2026-09-02T17:19:24.886+00:00,San Francisco,,,,https://jobs.ashbyhq.com/clera/2255d466-fe13-40ec-b0ce-e6eb475602e7,kind=agency;workplaceType=OnSite;department=Engineering
Clera,Founding Engineer,https://jobs.ashbyhq.com/clera/43ae832c-e356-4dc0-8328-912fa28f9c18/application,ashby_sweep,new_grad,swe,2026-09-02,2026-09-08T22:03:53.382468+00:00,2026-09-02T17:20:16.076+00:00,Berlin,,,,https://jobs.ashbyhq.com/clera/43ae832c-e356-4dc0-8328-912fa28f9c18,kind=agency;workplaceType=OnSite;department=Engineering
Clera,Founding Engineer,https://jobs.ashbyhq.com/clera/4172bd9f-0a35-49a8-9c90-4bb3ac76552c/application,ashby_sweep,new_grad,swe,2026-09-02,2026-09-08T22:03:53.382468+00:00,2026-09-02T17:25:13.117+00:00,Munich,,,,https://jobs.ashbyhq.com/clera/4172bd9f-0a35-49a8-9c90-4bb3ac76552c,kind=agency;workplaceType=OnSite;department=Engineering
Clera,Founding Engineer,https://jobs.ashbyhq.com/clera/45ec5565-972e-4bc1-891c-83d3435c7d0a/application,ashby_sweep,new_grad,swe,2026-09-03,2026-09-08T22:03:53.382468+00:00,2026-09-03T17:15:34.203+00:00,San Francisco,,,,https://jobs.ashbyhq.com/clera/45ec5565-972e-4bc1-891c-83d3435c7d0a,kind=agency;workplaceType=OnSite;department=Engineering
Clera,Founding Engineer,https://jobs.ashbyhq.com/clera/9a0bfe51-b0e0-40cc-9dc2-c855d5c5acb7/application,ashby_sweep,new_grad,swe,2026-09-03,2026-09-08T22:03:53.382468+00:00,2026-09-03T17:19:41.393+00:00,Berlin,,,,https://jobs.ashbyhq.com/clera/9a0bfe51-b0e0-40cc-9dc2-c855d5c5acb7,kind=agency;workplaceType=OnSite;department=Engineering
Clera,Founding Engineer,https://jobs.ashbyhq.com/clera/80da5785-8f14-42b5-a59c-4da75901b4f2/application,ashby_sweep,new_grad,swe,2026-09-08,2026-09-08T22:03:53.382468+00:00,2026-09-08T19:40:57.908+00:00,Berlin,,,,https://jobs.ashbyhq.com/clera/80da5785-8f14-42b5-a59c-4da75901b4f2,kind=agency;workplaceType=OnSite;department=Engineering
Clera,Founding Engineer,https://jobs.ashbyhq.com/clera/f2ba10de-9cf3-46ac-9b62-10b42b1317eb/application,ashby_sweep,new_grad,swe,2026-09-08,2026-09-08T22:03:53.382468+00:00,2026-09-08T19:45:10.434+00:00,Berlin,,,,https://jobs.ashbyhq.com/clera/f2ba10de-9cf3-46ac-9b62-10b42b1317eb,kind=agency;workplaceType=OnSite;department=Engineering
Clera,Founding Engineer (AI/ML),https://jobs.ashbyhq.com/clera/52643e0a-1ce7-45a0-9c10-398cd808fa23/application,ashby_sweep,new_grad,swe,2026-09-08,2026-09-08T22:03:53.382468+00:00,2026-09-08T19:47:39.960+00:00,San Francisco,,,,https://jobs.ashbyhq.com/clera/52643e0a-1ce7-45a0-9c10-398cd808fa23,kind=agency;workplaceType=OnSite;department=Engineering
Clera,Founding Engineer (Full Stack),https://jobs.ashbyhq.com/clera/9cd39527-b2f0-4cb3-894e-e51f3dea346b/application,ashby_sweep,new_grad,swe,2026-09-04,2026-09-08T22:03:53.382468+00:00,2026-09-04T17:23:39.869+00:00,San Francisco,,,,https://jobs.ashbyhq.com/clera/9cd39527-b2f0-4cb3-894e-e51f3dea346b,kind=agency;workplaceType=OnSite;department=Engineering
Clera,Founding Engineer - ML Demand Generation,https://jobs.ashbyhq.com/clera/944d62d0-193b-4961-af4e-c86585c4cd66/application,ashby_sweep,new_grad,swe,2026-09-02,2026-09-08T22:03:53.382468+00:00,2026-09-02T17:26:52.688+00:00,Mountain View,,,,https://jobs.ashbyhq.com/clera/944d62d0-193b-4961-af4e-c86585c4cd66,kind=agency;workplaceType=OnSite;department=Engineering
Clera,Founding Engineer - Machine Learning,https://jobs.ashbyhq.com/clera/90d61dff-38b6-4a3d-891d-e8c8029df845/application,ashby_sweep,new_grad,swe,2026-09-05,2026-09-08T22:03:53.382468+00:00,2026-09-05T17:24:25.324+00:00,Mountain View,,,,https://jobs.ashbyhq.com/clera/90d61dff-38b6-4a3d-891d-e8c8029df845,kind=agency;workplaceType=OnSite;department=Engineering
Clera,Founding Engineer Intern,https://jobs.ashbyhq.com/clera/88d809ef-3c2e-44fb-a16b-6aec14960c46/application,ashby_sweep,new_grad,swe,2026-09-05,2026-09-08T22:03:53.382468+00:00,2026-09-05T17:11:50.122+00:00,San Francisco,,,,https://jobs.ashbyhq.com/clera/88d809ef-3c2e-44fb-a16b-6aec14960c46,kind=agency;workplaceType=OnSite;department=Engineering
Clera,"Founding Engineer, Infrastructure",https://jobs.ashbyhq.com/clera/ea2bc1af-1c79-4212-bea6-869dc66b7c7e/application,ashby_sweep,new_grad,swe,2026-09-03,2026-09-08T22:03:53.382468+00:00,2026-09-03T17:06:18.787+00:00,San Francisco,,,,https://jobs.ashbyhq.com/clera/ea2bc1af-1c79-4212-bea6-869dc66b7c7e,kind=agency;workplaceType=OnSite;department=Engineering
Clera,Founding Forward Deployed Engineer,https://jobs.ashbyhq.com/clera/6482e8f1-8b92-44e0-a9b4-33ebdb1c5bc4/application,ashby_sweep,new_grad,swe,2026-09-04,2026-09-08T22:03:53.382468+00:00,2026-09-04T17:17:51.000+00:00,Berlin,,,,https://jobs.ashbyhq.com/clera/6482e8f1-8b92-44e0-a9b4-33ebdb1c5bc4,kind=agency;workplaceType=OnSite;department=Engineering
Clera,Founding Full Stack Engineer,https://jobs.ashbyhq.com/clera/559a4fd4-eab6-4511-b425-3d5799086b8d/application,ashby_sweep,new_grad,swe,2026-09-06,2026-09-08T22:03:53.382468+00:00,2026-09-06T01:14:40.635+00:00,San Francisco,,,,https://jobs.ashbyhq.com/clera/559a4fd4-eab6-4511-b425-3d5799086b8d,kind=agency;workplaceType=OnSite;department=Engineering
Clera,Founding Full-Stack iOS Engineer,https://jobs.ashbyhq.com/clera/010cd958-c8f9-4732-b41d-e599550dd6f2/application,ashby_sweep,new_grad,swe,2026-09-04,2026-09-08T22:03:53.382468+00:00,2026-09-04T17:22:51.548+00:00,London,,,,https://jobs.ashbyhq.com/clera/010cd958-c8f9-4732-b41d-e599550dd6f2,kind=agency;workplaceType=OnSite;department=Engineering
Clera,Founding Product Engineer,https://jobs.ashbyhq.com/clera/a75cff6a-f63d-4fda-a2f5-e821e8af0735/application,ashby_sweep,new_grad,swe,2026-09-04,2026-09-08T22:03:53.382468+00:00,2026-09-04T17:24:32.785+00:00,Munich,,,,https://jobs.ashbyhq.com/clera/a75cff6a-f63d-4fda-a2f5-e821e8af0735,kind=agency;workplaceType=OnSite;department=Engineering
Clera,Founding Product Engineer,https://jobs.ashbyhq.com/clera/fd7a0259-0862-464b-b2d1-5e2f817854b1/application,ashby_sweep,new_grad,swe,2026-09-02,2026-09-08T22:03:53.382468+00:00,2026-09-02T17:23:33.231+00:00,San Francisco,,,,https://jobs.ashbyhq.com/clera/fd7a0259-0862-464b-b2d1-5e2f817854b1,kind=agency;workplaceType=OnSite;department=Engineering
Clera,Founding Product Engineer,https://jobs.ashbyhq.com/clera/4997d361-e885-445b-8809-6d0190e768b2/application,ashby_sweep,new_grad,swe,2026-09-02,2026-09-08T22:03:53.382468+00:00,2026-09-02T17:27:42.969+00:00,Berlin,,,,https://jobs.ashbyhq.com/clera/4997d361-e885-445b-8809-6d0190e768b2,kind=agency;workplaceType=OnSite;department=Engineering
Clera,Full Stack Engineer,https://jobs.ashbyhq.com/clera/74ee6e45-e7a1-436b-b3be-b47d244c3507/application,ashby_sweep,new_grad,swe,2026-09-05,2026-09-08T22:03:53.382468+00:00,2026-09-05T17:26:51.846+00:00,Munich,,,,https://jobs.ashbyhq.com/clera/74ee6e45-e7a1-436b-b3be-b47d244c3507,kind=agency;workplaceType=OnSite;department=Engineering
Clera,Platform Engineer,https://jobs.ashbyhq.com/clera/bbfdca69-a299-404e-984c-0d86a712f773/application,ashby_sweep,new_grad,swe,2026-09-03,2026-09-08T22:03:53.382468+00:00,2026-09-03T17:03:57.433+00:00,Singapore,,,,https://jobs.ashbyhq.com/clera/bbfdca69-a299-404e-984c-0d86a712f773,kind=agency;workplaceType=OnSite;department=Engineering
Clera,Product Engineer,https://jobs.ashbyhq.com/clera/0a128df3-d444-4e4c-b54b-8e66e9e9e137/application,ashby_sweep,new_grad,swe,2026-09-03,2026-09-08T22:03:53.382468+00:00,2026-09-03T01:48:49.452+00:00,San Francisco,,,,https://jobs.ashbyhq.com/clera/0a128df3-d444-4e4c-b54b-8e66e9e9e137,kind=agency;workplaceType=OnSite;department=Engineering
Clera,Product Engineer,https://jobs.ashbyhq.com/clera/06540bd9-b827-477c-b857-3f375e4853a5/application,ashby_sweep,new_grad,swe,2026-09-08,2026-09-08T22:03:53.382468+00:00,2026-09-08T21:12:29.419+00:00,Berlin,,,,https://jobs.ashbyhq.com/clera/06540bd9-b827-477c-b857-3f375e4853a5,kind=agency;workplaceType=OnSite;department=Engineering
Clera,Product Engineer (Full-Stack),https://jobs.ashbyhq.com/clera/2f095027-2d8f-4b05-8586-8b71d10e635c/application,ashby_sweep,new_grad,swe,2026-09-08,2026-09-08T22:03:53.382468+00:00,2026-09-08T21:11:37.264+00:00,Berlin,,,,https://jobs.ashbyhq.com/clera/2f095027-2d8f-4b05-8586-8b71d10e635c,kind=agency;workplaceType=OnSite;department=Engineering
Clera,Product Engineer (Mid-Level),https://jobs.ashbyhq.com/clera/46af4dfc-8ade-4246-a006-16499d2d67d5/application,ashby_sweep,new_grad,swe,2026-09-02,2026-09-08T22:03:53.382468+00:00,2026-09-02T17:21:06.336+00:00,San Francisco,,,,https://jobs.ashbyhq.com/clera/46af4dfc-8ade-4246-a006-16499d2d67d5,kind=agency;workplaceType=OnSite;department=Engineering
Clera,"Research Engineer / Research Scientist, Robotics and Physical AI",https://jobs.ashbyhq.com/clera/016ddc17-e15d-4edf-9f59-57cb6f6319ff/application,ashby_sweep,new_grad,swe,2026-09-03,2026-09-08T22:03:53.382468+00:00,2026-09-03T17:12:57.630+00:00,San Francisco,,,,https://jobs.ashbyhq.com/clera/016ddc17-e15d-4edf-9f59-57cb6f6319ff,kind=agency;workplaceType=OnSite;department=Engineering
Clera,"Research Engineer, Benchmarks",https://jobs.ashbyhq.com/clera/a7dd5a12-a968-46a9-97dd-08e3fd2f9082/application,ashby_sweep,new_grad,swe,2026-09-04,2026-09-08T22:03:53.382468+00:00,2026-09-04T17:12:00.107+00:00,Singapore,,,,https://jobs.ashbyhq.com/clera/a7dd5a12-a968-46a9-97dd-08e3fd2f9082,kind=agency;workplaceType=OnSite;department=Engineering
Clera,"Research Engineer, QC Automation",https://jobs.ashbyhq.com/clera/cbc91fa3-9667-4974-b81c-aebb2dd0a932/application,ashby_sweep,new_grad,swe,2026-09-04,2026-09-08T22:03:53.382468+00:00,2026-09-04T17:10:20.975+00:00,Singapore,,,,https://jobs.ashbyhq.com/clera/cbc91fa3-9667-4974-b81c-aebb2dd0a932,kind=agency;workplaceType=OnSite;department=Engineering
Clera,"Research Engineer, Synthetic Data",https://jobs.ashbyhq.com/clera/77d358cd-b738-4b63-b448-f0af2014dcda/application,ashby_sweep,new_grad,swe,2026-09-04,2026-09-08T22:03:53.382468+00:00,2026-09-04T17:15:24.694+00:00,Singapore,,,,https://jobs.ashbyhq.com/clera/77d358cd-b738-4b63-b448-f0af2014dcda,kind=agency;workplaceType=OnSite;department=Engineering
Clera,Software Engineer - AI,https://jobs.ashbyhq.com/clera/c2e5b43d-9640-4968-970e-39421ac33178/application,ashby_sweep,new_grad,swe,2026-09-04,2026-09-08T22:03:53.382468+00:00,2026-09-04T17:16:12.748+00:00,Berlin,,,,https://jobs.ashbyhq.com/clera/c2e5b43d-9640-4968-970e-39421ac33178,kind=agency;workplaceType=OnSite;department=Engineering
Clera,"Software Engineer, Foundation",https://jobs.ashbyhq.com/clera/bb8ac4e3-5e23-4237-8279-2bd449b58dab/application,ashby_sweep,new_grad,swe,2026-09-05,2026-09-08T22:03:53.382468+00:00,2026-09-05T17:09:20.205+00:00,Berlin,,,,https://jobs.ashbyhq.com/clera/bb8ac4e3-5e23-4237-8279-2bd449b58dab,kind=agency;workplaceType=OnSite;department=Engineering
Etched,"Silicon Validation Engineer, Software",https://jobs.ashbyhq.com/etched/82622c6f-9b8f-44d1-b8fc-2d4634f5abbf/application,ashby_sweep,new_grad,swe,2026-09-03,2026-09-08T22:03:53.382468+00:00,2026-09-03T06:35:39.271+00:00,San Jose,,,,https://jobs.ashbyhq.com/etched/82622c6f-9b8f-44d1-b8fc-2d4634f5abbf,g2_candidate;workplaceType=OnSite;department=ASIC
Notion,"Security Engineer, Corporate Security",https://jobs.ashbyhq.com/notion/866dc41d-3a50-4957-9a14-df27eae847e8/application,ashby_sweep,new_grad,swe,2026-09-08,2026-09-08T22:03:53.382468+00:00,2026-09-08T20:54:37.061+00:00,"Dublin, Ireland",,,,https://jobs.ashbyhq.com/notion/866dc41d-3a50-4957-9a14-df27eae847e8,g2_candidate;corrections=sponsorship_answer_no;workplaceType=Hybrid;department=Engineering
OpenAI,AI Support Engineer - Singapore (Korean Speaking),https://jobs.ashbyhq.com/openai/c8270289-d73d-4ad6-8cae-2b537f8d9062/application,ashby_sweep,new_grad,swe,2026-09-01,2026-09-08T22:03:53.382468+00:00,2026-09-01T23:35:29.750+00:00,Singapore,,,,https://jobs.ashbyhq.com/openai/c8270289-d73d-4ad6-8cae-2b537f8d9062,g2_candidate;corrections=sponsorship_answer_no;workplaceType=Hybrid;department=User Operations
OpenAI,AI Support Engineer - Tokyo (Korean Speaking),https://jobs.ashbyhq.com/openai/3dcfbfbf-9ac2-46fe-8cce-4e2660d98be4/application,ashby_sweep,new_grad,swe,2026-09-01,2026-09-08T22:03:53.382468+00:00,2026-09-01T23:37:44.153+00:00,"Tokyo, Japan",,,,https://jobs.ashbyhq.com/openai/3dcfbfbf-9ac2-46fe-8cce-4e2660d98be4,g2_candidate;corrections=sponsorship_answer_no;department=User Operations
OpenAI,"Applied AI Engineer, Codex | Tokyo",https://jobs.ashbyhq.com/openai/6668417f-6878-4244-940f-9a99ae4ebcb0/application,ashby_sweep,new_grad,swe,2026-09-07,2026-09-08T22:03:53.382468+00:00,2026-09-07T00:33:34.942+00:00,"Tokyo, Japan",,,,https://jobs.ashbyhq.com/openai/6668417f-6878-4244-940f-9a99ae4ebcb0,g2_candidate;corrections=sponsorship_answer_no;department=Go To Market
OpenAI,"Applied AI Engineer, Digital Natives",https://jobs.ashbyhq.com/openai/7be58f3a-6005-42ed-86fa-77773ebfb294/application,ashby_sweep,new_grad,swe,2026-09-08,2026-09-08T22:03:53.382468+00:00,2026-09-08T08:10:32.624+00:00,"London, UK",,,,https://jobs.ashbyhq.com/openai/7be58f3a-6005-42ed-86fa-77773ebfb294,g2_candidate;corrections=sponsorship_answer_no;workplaceType=Hybrid;department=Go To Market
OpenAI,"Applied AI Engineer, Government",https://jobs.ashbyhq.com/openai/485cda77-5d8f-4aaa-bca5-916b011477e6/application,ashby_sweep,new_grad,swe,2026-09-08,2026-09-08T22:03:53.382468+00:00,2026-09-08T16:59:01.596+00:00,"Washington, DC",,,,https://jobs.ashbyhq.com/openai/485cda77-5d8f-4aaa-bca5-916b011477e6,g2_candidate;corrections=sponsorship_answer_no;workplaceType=Hybrid;department=OpenAI for Gov
OpenAI,Codex Deployment Engineer,https://jobs.ashbyhq.com/openai/c8d3feee-2b6a-4ef7-b8c0-90bbd1381c1f/application,ashby_sweep,new_grad,swe,2026-09-02,2026-09-08T22:03:53.382468+00:00,2026-09-02T21:03:19.532+00:00,São Paulo,,,,https://jobs.ashbyhq.com/openai/c8d3feee-2b6a-4ef7-b8c0-90bbd1381c1f,g2_candidate;corrections=sponsorship_answer_no;workplaceType=Hybrid;department=Go To Market
OpenAI,Forward Deployed Engineer - London (Spanish-speaking),https://jobs.ashbyhq.com/openai/7ce64627-b273-48e1-b3bc-ef4be0444706/application,ashby_sweep,new_grad,swe,2026-09-08,2026-09-08T22:03:53.382468+00:00,2026-09-08T21:16:39.864+00:00,"London, UK",,,,https://jobs.ashbyhq.com/openai/7ce64627-b273-48e1-b3bc-ef4be0444706,g2_candidate;corrections=sponsorship_answer_no;department=Forward Deployed Engineering
OpenAI,Forward Deployed Engineer - Madrid (Spanish-speaking),https://jobs.ashbyhq.com/openai/14c5d693-7e85-4c26-8ca7-0b6f68fe6ace/application,ashby_sweep,new_grad,swe,2026-09-08,2026-09-08T22:03:53.382468+00:00,2026-09-08T21:18:19.165+00:00,"Madrid, Spain",,,,https://jobs.ashbyhq.com/openai/14c5d693-7e85-4c26-8ca7-0b6f68fe6ace,g2_candidate;corrections=sponsorship_answer_no;workplaceType=Hybrid;department=Forward Deployed Engineering
OpenAI,"Full Stack Software Engineer, Product Explorations",https://jobs.ashbyhq.com/openai/4d1ede8c-3d4c-4503-8408-81e4b68c5c91/application,ashby_sweep,new_grad,swe,2026-09-03,2026-09-08T22:03:53.382468+00:00,2026-09-03T20:29:00.146+00:00,San Francisco,,,,https://jobs.ashbyhq.com/openai/4d1ede8c-3d4c-4503-8408-81e4b68c5c91,g2_candidate;corrections=sponsorship_answer_no;workplaceType=Hybrid;department=Applied AI
OpenAI,"Product Engineer, Cyber",https://jobs.ashbyhq.com/openai/c442eab0-b8b4-40f6-b0f2-0fc91aea294a/application,ashby_sweep,new_grad,swe,2026-09-02,2026-09-08T22:03:53.382468+00:00,2026-09-02T22:01:40.432+00:00,San Francisco,,,,https://jobs.ashbyhq.com/openai/c442eab0-b8b4-40f6-b0f2-0fc91aea294a,g2_candidate;corrections=sponsorship_answer_no;workplaceType=Hybrid;department=Applied AI
OpenAI,"Software Engineer, HSM Infrastructure Security, Consumer Devices",https://jobs.ashbyhq.com/openai/a14780e7-0316-478c-8e6a-d7629c31c49d/application,ashby_sweep,new_grad,swe,2026-09-04,2026-09-08T22:03:53.382468+00:00,2026-09-04T23:40:07.105+00:00,San Francisco,,,,https://jobs.ashbyhq.com/openai/a14780e7-0316-478c-8e6a-d7629c31c49d,g2_candidate;corrections=sponsorship_answer_no;department=Consumer Devices
OpenAI,"Software Engineer, Host Assurance",https://jobs.ashbyhq.com/openai/0b9e565a-ae5f-40fc-8350-b59f71f76df1/application,ashby_sweep,new_grad,swe,2026-09-05,2026-09-08T22:03:53.382468+00:00,2026-09-05T14:19:37.047+00:00,San Francisco,,,,https://jobs.ashbyhq.com/openai/0b9e565a-ae5f-40fc-8350-b59f71f76df1,g2_candidate;corrections=sponsorship_answer_no;workplaceType=Hybrid;department=Security
OpenAI,"Software Engineer, Native Learning Experiences",https://jobs.ashbyhq.com/openai/1098311d-3a07-40ad-8107-6245a492a0b3/application,ashby_sweep,new_grad,swe,2026-09-03,2026-09-08T22:03:53.382468+00:00,2026-09-03T19:51:26.815+00:00,San Francisco,,,,https://jobs.ashbyhq.com/openai/1098311d-3a07-40ad-8107-6245a492a0b3,g2_candidate;corrections=sponsorship_answer_no;workplaceType=Hybrid;department=Applied AI
Perplexity,Internship - Machine Learning Research Engineer,https://jobs.ashbyhq.com/perplexity/b9e1ff15-d52a-46d5-abf0-26460f2a116c/application,ashby_sweep,new_grad,swe,2026-09-02,2026-09-08T22:03:53.382468+00:00,2026-09-02T10:35:02.552+00:00,Berlin,,,,https://jobs.ashbyhq.com/perplexity/b9e1ff15-d52a-46d5-abf0-26460f2a116c,corrections=sponsorship_answer_no;blockers=external_artifact;workplaceType=Hybrid;department=Search
Perplexity,Member of Technical Staff (Search Quality Analyst),https://jobs.ashbyhq.com/perplexity/3b349a2f-360e-44e6-a57d-6a87bc3016a7/application,ashby_sweep,new_grad,swe,2026-09-02,2026-09-08T22:03:53.382468+00:00,2026-09-02T10:31:55.436+00:00,Belgrade,,,,https://jobs.ashbyhq.com/perplexity/3b349a2f-360e-44e6-a57d-6a87bc3016a7,corrections=sponsorship_answer_no;blockers=required_essay;external_artifact;workplaceType=Hybrid;department=Search
Perplexity,"Member of Technical Staff (Software Engineer, Infrastructure)",https://jobs.ashbyhq.com/perplexity/76c9b39f-aecc-4247-b5f5-ebcd02dff7c3/application,ashby_sweep,new_grad,swe,2026-09-05,2026-09-08T22:03:53.382468+00:00,2026-09-05T09:23:02.059+00:00,San Francisco,,,,https://jobs.ashbyhq.com/perplexity/76c9b39f-aecc-4247-b5f5-ebcd02dff7c3,corrections=sponsorship_answer_no;blockers=required_essay;external_artifact;department=Platform & Infrastructure
AEG,Data Analyst,https://jobright.ai/jobs/info/6aa045c63b5aa83237b0813e,newgrad_jobs,new_grad_2027_start,data_analysis,2026-09-08,2026-09-08T22:02:41+00:00,4 hours ago,"Los Angeles, CA",On Site,No,Not Sure,https://jobright.ai/minisites-jobs/newgrad/us/data_analysis,minisite_scrape;category=data_analysis;cluster_hint=data_ml;posted=4 hours ago
AEG,Data Analyst,https://jobright.ai/jobs/info/6aa043b1a2266b538d22f4a0,newgrad_jobs,new_grad_2027_start,data_analysis,2026-09-08,2026-09-08T22:02:41+00:00,4 hours ago,"Los Angeles, CA",On Site,No,Not Sure,https://jobright.ai/minisites-jobs/newgrad/us/data_analysis,minisite_scrape;category=data_analysis;cluster_hint=data_ml;posted=4 hours ago
Abercrombie & Fitch Co.,"Assistant Analyst, Customer & Digital Insight & Analytics - A&F Co.",https://jobright.ai/jobs/info/6a8471a92f4f0014cae207f0,newgrad_jobs,new_grad_2027_start,data_analysis,2026-09-08,2026-09-08T22:02:41+00:00,3 hours ago,United States,Remote,Not Sure,Not Sure,https://jobright.ai/minisites-jobs/newgrad/us/data_analysis,minisite_scrape;category=data_analysis;cluster_hint=data_ml;posted=3 hours ago
Akina,"Data Scientist 1 - (R, Python, Statistics)",https://jobright.ai/jobs/info/6a9e3ae9dacf777321a90ddf,newgrad_jobs,new_grad_2027_start,data_science,2026-09-08,2026-09-08T22:02:41+00:00,2 days ago,"Annapolis Junction, MD",On Site,No,Not Sure,https://jobright.ai/minisites-jobs/newgrad/us/data_science,minisite_scrape;category=data_science;cluster_hint=data_ml;posted=2 days ago
"Akina, Inc","Data Scientist 1 - (R, Python, Statistics)",https://jobright.ai/jobs/info/6a9de53dc1d6f91bc3886513,newgrad_jobs,new_grad_2027_start,data_science,2026-09-08,2026-09-08T22:02:41+00:00,1 day ago,"Annapolis Junction, MD",On Site,No,Not Sure,https://jobright.ai/minisites-jobs/newgrad/us/data_science,minisite_scrape;category=data_science;cluster_hint=data_ml;posted=1 day ago
Allspring Global Investments,AI Enablement Specialist,https://jobright.ai/jobs/info/6a68acc77926035e095864bd,newgrad_jobs,new_grad_2027_start,ml_ai,2026-09-08,2026-09-08T22:02:41+00:00,5 hours ago,"Milwaukee, WI",Hybrid,No,Not Sure,https://jobright.ai/minisites-jobs/newgrad/us/ml_ai,minisite_scrape;category=ml_ai;cluster_hint=data_ml;posted=5 hours ago
Ambry Genetics,"Clinical Data Curator I (Remote, USA)",https://jobright.ai/jobs/info/6aa02b08ea127c37946954b9,newgrad_jobs,new_grad_2027_start,data_analysis,2026-09-08,2026-09-08T22:02:41+00:00,4 hours ago,United States,Remote,Not Sure,Not Sure,https://jobright.ai/minisites-jobs/newgrad/us/data_analysis,minisite_scrape;category=data_analysis;cluster_hint=data_ml;posted=4 hours ago
Anthropic,"Research Engineer, Takeoff Intel",https://jobright.ai/jobs/info/6aa046043b5aa83237b08157,newgrad_jobs,new_grad_2027_start,swe,2026-09-08,2026-09-08T22:02:41+00:00,2 hours ago,"San Francisco, CA",On Site,Yes,Not Sure,https://jobright.ai/minisites-jobs/newgrad/us/swe,minisite_scrape;category=swe;cluster_hint=cloud_swe;posted=2 hours ago
Arthur J. Gallagher for Propertymark Members,AI Developer,https://jobright.ai/jobs/info/6aa03f17dbc0e60e37e0c5e4,newgrad_jobs,new_grad_2027_start,ml_ai,2026-09-08,2026-09-08T22:02:41+00:00,5 hours ago,"Rolling Meadows, IL",Hybrid,Not Sure,Not Sure,https://jobright.ai/minisites-jobs/newgrad/us/ml_ai,minisite_scrape;category=ml_ai;cluster_hint=data_ml;posted=5 hours ago
Baselayer,Data Engineer,https://jobright.ai/jobs/info/6a99e39e040e5c3d07599965,newgrad_jobs,new_grad_2027_start,swe,2026-09-08,2026-09-08T22:02:41+00:00,2 hours ago,"San Francisco, CA",Hybrid,Not Sure,Not Sure,https://jobright.ai/minisites-jobs/newgrad/us/swe,minisite_scrape;category=swe;cluster_hint=cloud_swe;posted=2 hours ago
Billtrust,Associate Data Scientist,https://jobright.ai/jobs/info/6a4422ccef17a815538a3064,newgrad_jobs,new_grad_2027_start,data_science,2026-09-08,2026-09-08T22:02:41+00:00,2 days ago,United States,Remote,Not Sure,Not Sure,https://jobright.ai/minisites-jobs/newgrad/us/data_science,minisite_scrape;category=data_science;cluster_hint=data_ml;posted=2 days ago
Booz Allen Hamilton,Data Scientist,https://jobright.ai/jobs/info/6a8dc5d8d34f700f87fd5d4b,newgrad_jobs,new_grad_2027_start,data_science,2026-09-08,2026-09-08T22:02:41+00:00,12 hours ago,"Washington, DC",On Site,No,Not Sure,https://jobright.ai/minisites-jobs/newgrad/us/data_science,minisite_scrape;category=data_science;cluster_hint=data_ml;posted=12 hours ago
Booz Allen Hamilton,Data Scientist,https://jobright.ai/jobs/info/6a9b4e36d5ff1f3f1c39ec0a,newgrad_jobs,new_grad_2027_start,data_science,2026-09-08,2026-09-08T22:02:41+00:00,12 hours ago,"Fort Meade, MD; Annapolis Junction, MD",On Site,No,Not Sure,https://jobright.ai/minisites-jobs/newgrad/us/data_science,minisite_scrape;category=data_science;cluster_hint=data_ml;posted=12 hours ago
CACI International Inc,Data Scientist,https://jobright.ai/jobs/info/6a95c0cdcabc9f6703e19976,newgrad_jobs,new_grad_2027_start,data_science,2026-09-08,2026-09-08T22:02:41+00:00,3 days ago,"Bethesda, MD",Hybrid,No,Not Sure,https://jobright.ai/minisites-jobs/newgrad/us/data_science,minisite_scrape;category=data_science;cluster_hint=data_ml;posted=3 days ago
"Canon Financial Services, Inc.","Assoc Analyst, Data Analytics",https://jobright.ai/jobs/info/6a8dd2b0581f2d7bfdfe9600,newgrad_jobs,new_grad_2027_start,data_analysis,2026-09-08,2026-09-08T22:02:41+00:00,4 hours ago,"Boca Raton, FL",Hybrid,No,Not Sure,https://jobright.ai/minisites-jobs/newgrad/us/data_analysis,minisite_scrape;category=data_analysis;cluster_hint=data_ml;posted=4 hours ago
Caterpillar Inc.,Data Scientist / Technical Analyst,https://jobright.ai/jobs/info/6a9f71b82c964816f65f020c,newgrad_jobs,new_grad_2027_start,data_science,2026-09-08,2026-09-08T22:02:41+00:00,18 hours ago,"Chicago, IL; Peoria, IL; Dallas, TX",On Site,No,Not Sure,https://jobright.ai/minisites-jobs/newgrad/us/data_science,minisite_scrape;category=data_science;cluster_hint=data_ml;posted=18 hours ago
Cherokee Federal,Data Scientist,https://jobright.ai/jobs/info/6a9cd07568f82b4036736f8f,newgrad_jobs,new_grad_2027_start,data_science,2026-09-08,2026-09-08T22:02:41+00:00,2 days ago,"Atlanta, GA",On Site,Not Sure,Not Sure,https://jobright.ai/minisites-jobs/newgrad/us/data_science,minisite_scrape;category=data_science;cluster_hint=data_ml;posted=2 days ago
Cherokee Nation,Data Scientist,https://jobright.ai/jobs/info/6a9ccc5da7ba386c5d66f1a1,newgrad_jobs,new_grad_2027_start,data_science,2026-09-08,2026-09-08T22:02:41+00:00,2 days ago,"Atlanta, GA",On Site,Not Sure,Not Sure,https://jobright.ai/minisites-jobs/newgrad/us/data_science,minisite_scrape;category=data_science;cluster_hint=data_ml;posted=2 days ago
Citadel,"Sector Data Scientist, Central Team",https://jobright.ai/jobs/info/6a67bb80d0fb4c3df393e6b9,newgrad_jobs,new_grad_2027_start,data_science,2026-09-08,2026-09-08T22:02:41+00:00,3 days ago,"New York, NY",On Site,Not Sure,Not Sure,https://jobright.ai/minisites-jobs/newgrad/us/data_science,minisite_scrape;category=data_science;cluster_hint=data_ml;posted=3 days ago
CyberProof,Junior Full Stack Developer (Data CoE),https://jobright.ai/jobs/info/6aa05c7aa2266b538d22fdec,newgrad_jobs,new_grad_2027_start,swe,2026-09-08,2026-09-08T22:02:41+00:00,2 hours ago,"Bellevue, WA; Frisco, TX; Atlanta, GA; Overland Park, KS",On Site,No,Not Sure,https://jobright.ai/minisites-jobs/newgrad/us/swe,minisite_scrape;category=swe;cluster_hint=cloud_swe;posted=2 hours ago
Englewood Hospital,Clinical Research Assistant Data & Analytics FT Days,https://jobright.ai/jobs/info/6aa06092500b01124c77890a,newgrad_jobs,new_grad_2027_start,healthcare,2026-09-08,2026-09-08T22:02:41+00:00,2 hours ago,"Englewood, NJ",On Site,Not Sure,Not Sure,https://jobright.ai/minisites-jobs/newgrad/us/healthcare,minisite_scrape;category=healthcare;cluster_hint=health_ai;posted=2 hours ago
Gallagher,AI Developer,https://jobright.ai/jobs/info/6aa04480a2266b538d22f4fa,newgrad_jobs,new_grad_2027_start,ml_ai,2026-09-08,2026-09-08T22:02:41+00:00,4 hours ago,"Rolling Meadows, IL",Hybrid,Not Sure,Not Sure,https://jobright.ai/minisites-jobs/newgrad/us/ml_ai,minisite_scrape;category=ml_ai;cluster_hint=data_ml;posted=4 hours ago
Gallagher UK,AI Developer,https://jobright.ai/jobs/info/6aa04ac73b5aa83237b082f1,newgrad_jobs,new_grad_2027_start,ml_ai,2026-09-08,2026-09-08T22:02:41+00:00,4 hours ago,"Rolling Meadows, IL",Hybrid,Not Sure,Not Sure,https://jobright.ai/minisites-jobs/newgrad/us/ml_ai,minisite_scrape;category=ml_ai;cluster_hint=data_ml;posted=4 hours ago
Goldbelt Professional Services,Data Analyst I (ERIB Communications),https://jobright.ai/jobs/info/6aa044dcea127c3794696164,newgrad_jobs,new_grad_2027_start,healthcare,2026-09-08,2026-09-08T22:02:41+00:00,2 hours ago,United States,Remote,Not Sure,Not Sure,https://jobright.ai/minisites-jobs/newgrad/us/healthcare,minisite_scrape;category=healthcare;cluster_hint=health_ai;posted=2 hours ago
Goldbelt Professional Services,Data Analyst I (MPSB),https://jobright.ai/jobs/info/6aa04403500b01124c777edf,newgrad_jobs,new_grad_2027_start,healthcare,2026-09-08,2026-09-08T22:02:41+00:00,2 hours ago,United States,Remote,Not Sure,Not Sure,https://jobright.ai/minisites-jobs/newgrad/us/healthcare,minisite_scrape;category=healthcare;cluster_hint=health_ai;posted=2 hours ago
Goldbelt Professional Services,Data Analyst I (SB),https://jobright.ai/jobs/info/6aa0443a5b2d5633ef3bd8c5,newgrad_jobs,new_grad_2027_start,healthcare,2026-09-08,2026-09-08T22:02:41+00:00,2 hours ago,United States,Remote,Not Sure,Not Sure,https://jobright.ai/minisites-jobs/newgrad/us/healthcare,minisite_scrape;category=healthcare;cluster_hint=health_ai;posted=2 hours ago
Goldbelt Tram,Data Analyst I (ERIB Communications),https://jobright.ai/jobs/info/6aa04bb2500b01124c778194,newgrad_jobs,new_grad_2027_start,data_analysis,2026-09-08,2026-09-08T22:02:41+00:00,4 hours ago,United States,Remote,Not Sure,Not Sure,https://jobright.ai/minisites-jobs/newgrad/us/data_analysis,minisite_scrape;category=data_analysis;cluster_hint=data_ml;posted=4 hours ago
Goldbelt Tram,Data Analyst I (SB),https://jobright.ai/jobs/info/6aa038c7500b01124c7776ce,newgrad_jobs,new_grad_2027_start,data_analysis,2026-09-08,2026-09-08T22:02:41+00:00,5 hours ago,United States,Remote,Not Sure,Not Sure,https://jobright.ai/minisites-jobs/newgrad/us/data_analysis,minisite_scrape;category=data_analysis;cluster_hint=data_ml;posted=5 hours ago
"Goldbelt, Incorporated",Data Analyst I (ERIB Communications),https://jobright.ai/jobs/info/6aa047d03b5aa83237b08212,newgrad_jobs,new_grad_2027_start,data_analysis,2026-09-08,2026-09-08T22:02:41+00:00,4 hours ago,United States,Remote,Not Sure,Not Sure,https://jobright.ai/minisites-jobs/newgrad/us/data_analysis,minisite_scrape;category=data_analysis;cluster_hint=data_ml;posted=4 hours ago
Good Shepherd Health Care System,Cyber Security Analyst,https://jobright.ai/jobs/info/6aa060cbdbc0e60e37e0d352,newgrad_jobs,new_grad_2027_start,swe,2026-09-08,2026-09-08T22:02:41+00:00,2 hours ago,"Hermiston, OR",On Site,Not Sure,Not Sure,https://jobright.ai/minisites-jobs/newgrad/us/swe,minisite_scrape;category=swe;cluster_hint=cloud_swe;posted=2 hours ago
Grant Street Group,Data Conversion Developer,https://jobright.ai/jobs/info/6aa059ed3b5aa83237b088fc,newgrad_jobs,new_grad_2027_start,swe,2026-09-08,2026-09-08T22:02:41+00:00,3 hours ago,United States,Remote,Not Sure,Not Sure,https://jobright.ai/minisites-jobs/newgrad/us/swe,minisite_scrape;category=swe;cluster_hint=cloud_swe;posted=3 hours ago
IBM,Associate Data Scientist 2027 - AI & Data Analytics,https://jobright.ai/jobs/info/6a9e23d7a7ba386c5d670e00,newgrad_jobs,new_grad_2027_start,data_science,2026-09-08,2026-09-08T22:02:41+00:00,1 day ago,"Chicago, IL",On Site,No,Not Sure,https://jobright.ai/minisites-jobs/newgrad/us/data_science,minisite_scrape;category=data_science;cluster_hint=data_ml;posted=1 day ago
IBM,Data Scientist & AI ELH - RTP 2027,https://jobright.ai/jobs/info/6aa0599e500b01124c778721,newgrad_jobs,new_grad_2027_start,data_science,2026-09-08,2026-09-08T22:02:41+00:00,3 hours ago,"Durham, NC",Hybrid,No,Not Sure,https://jobright.ai/minisites-jobs/newgrad/us/data_science,minisite_scrape;category=data_science;cluster_hint=data_ml;posted=3 hours ago
IBM,Entry Level QA/Test Developer,https://jobright.ai/jobs/info/6aa059deea127c3794696902,newgrad_jobs,new_grad_2027_start,swe,2026-09-08,2026-09-08T22:02:41+00:00,3 hours ago,"Poughkeepsie, NY",Hybrid,No,Not Sure,https://jobright.ai/minisites-jobs/newgrad/us/swe,minisite_scrape;category=swe;cluster_hint=cloud_swe;posted=3 hours ago
IBM,Entry Level Software Developer,https://jobright.ai/jobs/info/6aa05a635b2d5633ef3be15e,newgrad_jobs,new_grad_2027_start,swe,2026-09-08,2026-09-08T22:02:41+00:00,3 hours ago,"Poughkeepsie, NY",Hybrid,No,Not Sure,https://jobright.ai/minisites-jobs/newgrad/us/swe,minisite_scrape;category=swe;cluster_hint=cloud_swe;posted=3 hours ago
IBM,Entry Level Software Developer,https://jobright.ai/jobs/info/6aa059ec500b01124c77873e,newgrad_jobs,new_grad_2027_start,swe,2026-09-08,2026-09-08T22:02:41+00:00,3 hours ago,"Poughkeepsie, NY; Rochester, NY; Tucson, AZ; San Jose, CA; Austin, TX; Minnesota, United States; Texas, United States; New York, NY; Arizona, United States; California, United States",Hybrid,No,Not Sure,https://jobright.ai/minisites-jobs/newgrad/us/swe,minisite_scrape;category=swe;cluster_hint=cloud_swe;posted=3 hours ago
IBM,Entry Level Software Developer -Rochester-MN,https://jobright.ai/jobs/info/6aa059eeea127c3794696907,newgrad_jobs,new_grad_2027_start,swe,2026-09-08,2026-09-08T22:02:41+00:00,3 hours ago,"Rochester, MN",Hybrid,No,Not Sure,https://jobright.ai/minisites-jobs/newgrad/us/swe,minisite_scrape;category=swe;cluster_hint=cloud_swe;posted=3 hours ago
IBM,Software Engineer / Agent Engineer - EDA - Austin,https://jobright.ai/jobs/info/6aa059c45b2d5633ef3be111,newgrad_jobs,new_grad_2027_start,swe,2026-09-08,2026-09-08T22:02:41+00:00,3 hours ago,"Austin, TX",Hybrid,No,Not Sure,https://jobright.ai/minisites-jobs/newgrad/us/swe,minisite_scrape;category=swe;cluster_hint=cloud_swe;posted=3 hours ago
Kearney,Kearney Activate - Data Scientist,https://jobright.ai/jobs/info/6a6d9cf757120971bf3b0a27,newgrad_jobs,new_grad_2027_start,data_science,2026-09-08,2026-09-08T22:02:41+00:00,1 day ago,"Washington, DC; Arlington, VA; Boston, MA",On Site,No,Not Sure,https://jobright.ai/minisites-jobs/newgrad/us/data_science,minisite_scrape;category=data_science;cluster_hint=data_ml;posted=1 day ago
Liberty Mutual Insurance,Data Scientist: Property & Specialty Product Design & Modeling,https://jobright.ai/jobs/info/6a8cc3d71d96e6541c8c2e65,newgrad_jobs,new_grad_2027_start,data_science,2026-09-08,2026-09-08T22:02:41+00:00,23 hours ago,United States,Remote,Not Sure,Not Sure,https://jobright.ai/minisites-jobs/newgrad/us/data_science,minisite_scrape;category=data_science;cluster_hint=data_ml;posted=23 hours ago
Lila Sciences,"Machine Learning Engineer I/II, Applied AI",https://jobright.ai/jobs/info/6aa05272500b01124c778417,newgrad_jobs,new_grad_2027_start,ml_ai,2026-09-08,2026-09-08T22:02:41+00:00,3 hours ago,"Cambridge, MA; San Francisco, CA",On Site,Not Sure,Not Sure,https://jobright.ai/minisites-jobs/newgrad/us/ml_ai,minisite_scrape;category=ml_ai;cluster_hint=data_ml;posted=3 hours ago
Lila Sciences,"Machine Learning Engineer I/II, Applied AI",https://jobright.ai/jobs/info/6aa04f10ea127c3794696493,newgrad_jobs,new_grad_2027_start,ml_ai,2026-09-08,2026-09-08T22:02:41+00:00,3 hours ago,"Cambridge, MA",On Site,Not Sure,Not Sure,https://jobright.ai/minisites-jobs/newgrad/us/ml_ai,minisite_scrape;category=ml_ai;cluster_hint=data_ml;posted=3 hours ago
"Lloyd Bedford Cox, Inc.",AI Developer,https://jobright.ai/jobs/info/6aa042165b2d5633ef3bd7c0,newgrad_jobs,new_grad_2027_start,ml_ai,2026-09-08,2026-09-08T22:02:41+00:00,4 hours ago,"Rolling Meadows, IL",Hybrid,Not Sure,Not Sure,https://jobright.ai/minisites-jobs/newgrad/us/ml_ai,minisite_scrape;category=ml_ai;cluster_hint=data_ml;posted=4 hours ago
Lynker,Data Debriefer,https://jobright.ai/jobs/info/6a8dc35fcc0cf27068524f77,newgrad_jobs,new_grad_2027_start,data_analysis,2026-09-08,2026-09-08T22:02:41+00:00,4 hours ago,"Falmouth, MA",Hybrid,Not Sure,Not Sure,https://jobright.ai/minisites-jobs/newgrad/us/data_analysis,minisite_scrape;category=data_analysis;cluster_hint=data_ml;posted=4 hours ago
Mass General Brigham,Bioinformatician I,https://jobright.ai/jobs/info/6a9b21649c24314c35f97e14,newgrad_jobs,new_grad_2027_start,data_science,2026-09-08,2026-09-08T22:02:41+00:00,5 hours ago,"Boston, MA",Hybrid,Not Sure,Not Sure,https://jobright.ai/minisites-jobs/newgrad/us/data_science,minisite_scrape;category=data_science;cluster_hint=data_ml;posted=5 hours ago
Mayo Clinic,Associate AI/ML Engineer,https://jobright.ai/jobs/info/6aa02ed8dbc0e60e37e0bcf6,newgrad_jobs,new_grad_2027_start,swe,2026-09-08,2026-09-08T22:02:41+00:00,2 hours ago,"Rochester, MN",Hybrid,Not Sure,Not Sure,https://jobright.ai/minisites-jobs/newgrad/us/swe,minisite_scrape;category=swe;cluster_hint=cloud_swe;posted=2 hours ago
Mayo Clinic,Associate AI/ML Engineer- Post Deployment Governance,https://jobright.ai/jobs/info/6aa02844dbc0e60e37e0bb32,newgrad_jobs,new_grad_2027_start,data_analysis,2026-09-08,2026-09-08T22:02:41+00:00,2 hours ago,"Rochester, MN",Hybrid,No,Not Sure,https://jobright.ai/minisites-jobs/newgrad/us/data_analysis,minisite_scrape;category=data_analysis;cluster_hint=data_ml;posted=2 hours ago
Mayo Clinic Healthcare London,Associate AI/ML Engineer,https://jobright.ai/jobs/info/6aa03e323b5aa83237b07cf0,newgrad_jobs,new_grad_2027_start,ml_ai,2026-09-08,2026-09-08T22:02:41+00:00,5 hours ago,"Rochester, MN",Hybrid,Not Sure,Not Sure,https://jobright.ai/minisites-jobs/newgrad/us/ml_ai,minisite_scrape;category=ml_ai;cluster_hint=data_ml;posted=5 hours ago
Mayo Clinic Healthcare London,Associate AI/ML Engineer- Post Deployment Governance,https://jobright.ai/jobs/info/6aa0257dea127c37946952eb,newgrad_jobs,new_grad_2027_start,ml_ai,2026-09-08,2026-09-08T22:02:41+00:00,6 hours ago,"Rochester, MN",Hybrid,No,Not Sure,https://jobright.ai/minisites-jobs/newgrad/us/ml_ai,minisite_scrape;category=ml_ai;cluster_hint=data_ml;posted=6 hours ago
Mayo Clinic Rochester,Associate AI/ML Engineer,https://jobright.ai/jobs/info/6aa03d46500b01124c777acc,newgrad_jobs,new_grad_2027_start,ml_ai,2026-09-08,2026-09-08T22:02:41+00:00,5 hours ago,"Rochester, MN",Hybrid,Not Sure,Not Sure,https://jobright.ai/minisites-jobs/newgrad/us/ml_ai,minisite_scrape;category=ml_ai;cluster_hint=data_ml;posted=5 hours ago
Mayo Clinic Rochester,Associate AI/ML Engineer- Post Deployment Governance,https://jobright.ai/jobs/info/6aa02579500b01124c77706f,newgrad_jobs,new_grad_2027_start,ml_ai,2026-09-08,2026-09-08T22:02:41+00:00,6 hours ago,"Rochester, MN",Hybrid,No,Not Sure,https://jobright.ai/minisites-jobs/newgrad/us/ml_ai,minisite_scrape;category=ml_ai;cluster_hint=data_ml;posted=6 hours ago
Medtronic,Research & Development Engineer I - On-site,https://jobright.ai/jobs/info/6aa050fd500b01124c77837d,newgrad_jobs,new_grad_2027_start,healthcare,2026-09-08,2026-09-08T22:02:41+00:00,2 hours ago,"Irvine, CA",On Site,No,Not Sure,https://jobright.ai/minisites-jobs/newgrad/us/healthcare,minisite_scrape;category=healthcare;cluster_hint=health_ai;posted=2 hours ago
NVIDIA,"Research Scientist, Generative AI for Physical AI - PhD New College Grad 2026",https://jobright.ai/jobs/info/69d936aa9f97a42dc9c2017b,newgrad_jobs,new_grad_2027_start,ml_ai,2026-09-08,2026-09-08T22:02:41+00:00,5 hours ago,"Santa Clara, CA",On Site,Not Sure,Not Sure,https://jobright.ai/minisites-jobs/newgrad/us/ml_ai,minisite_scrape;category=ml_ai;cluster_hint=data_ml;posted=5 hours ago
Nasdaq,Senior Data Scientist,https://jobright.ai/jobs/info/6a546954d007ee02d95feaf3,newgrad_jobs,new_grad_2027_start,data_science,2026-09-08,2026-09-08T22:02:41+00:00,2 days ago,"Boston, MA",Hybrid,No,Not Sure,https://jobright.ai/minisites-jobs/newgrad/us/data_science,minisite_scrape;category=data_science;cluster_hint=data_ml;posted=2 days ago
Noblis,Unmanned Systems - Systems Engineer (Multiple Levels),https://jobright.ai/jobs/info/6aa06492ea127c3794696c78,newgrad_jobs,new_grad_2027_start,swe,2026-09-08,2026-09-08T22:02:41+00:00,2 hours ago,"Washington, DC",Hybrid,No,Not Sure,https://jobright.ai/minisites-jobs/newgrad/us/swe,minisite_scrape;category=swe;cluster_hint=cloud_swe;posted=2 hours ago
Oscar Health,Data Scientist I,https://jobright.ai/jobs/info/6a7b6ee877e6b569c61c0754,newgrad_jobs,new_grad_2027_start,healthcare,2026-09-08,2026-09-08T22:02:41+00:00,2 hours ago,"New York, NY; Los Angeles, CA; Tempe, AZ",Hybrid,Not Sure,Not Sure,https://jobright.ai/minisites-jobs/newgrad/us/healthcare,minisite_scrape;category=healthcare;cluster_hint=health_ai;posted=2 hours ago
PayIt,Associate Software Engineer,https://jobright.ai/jobs/info/6a8dda18d34f700f87fd668b,newgrad_jobs,new_grad_2027_start,swe,2026-09-08,2026-09-08T22:02:41+00:00,3 hours ago,"Kansas City, MO",On Site,No,Not Sure,https://jobright.ai/minisites-jobs/newgrad/us/swe,minisite_scrape;category=swe;cluster_hint=cloud_swe;posted=3 hours ago
PepsiCo,Analytics Platform Engineer,https://jobright.ai/jobs/info/6aa0083d500b01124c77670c,newgrad_jobs,new_grad_2027_start,swe,2026-09-08,2026-09-08T22:02:41+00:00,2 hours ago,"New York, NY",On Site,Not Sure,Not Sure,https://jobright.ai/minisites-jobs/newgrad/us/swe,minisite_scrape;category=swe;cluster_hint=cloud_swe;posted=2 hours ago
Quantum Sky,Defensive Cyber Analyst - Temporary,https://jobright.ai/jobs/info/6aa05489dbc0e60e37e0cf32,newgrad_jobs,new_grad_2027_start,swe,2026-09-08,2026-09-08T22:02:41+00:00,3 hours ago,"Colorado Springs, CO",On Site,No,Not Sure,https://jobright.ai/minisites-jobs/newgrad/us/swe,minisite_scrape;category=swe;cluster_hint=cloud_swe;posted=3 hours ago
"SeaCoast Underwriters, Inc. is now Risk Placement Services",AI Developer,https://jobright.ai/jobs/info/6aa0425fa2266b538d22f400,newgrad_jobs,new_grad_2027_start,ml_ai,2026-09-08,2026-09-08T22:02:41+00:00,4 hours ago,"Rolling Meadows, IL",Hybrid,Not Sure,Not Sure,https://jobright.ai/minisites-jobs/newgrad/us/ml_ai,minisite_scrape;category=ml_ai;cluster_hint=data_ml;posted=4 hours ago
Small Business Consulting Corporation (SBCC),Data Engineer I/II,https://jobright.ai/jobs/info/6aa039633b5aa83237b07898,newgrad_jobs,new_grad_2027_start,data_science,2026-09-08,2026-09-08T22:02:41+00:00,5 hours ago,"Shreveport, LA",Hybrid,No,Not Sure,https://jobright.ai/minisites-jobs/newgrad/us/data_science,minisite_scrape;category=data_science;cluster_hint=data_ml;posted=5 hours ago
State Farm,Software Engineer,https://jobright.ai/jobs/info/6aa04689a2266b538d22f5d8,newgrad_jobs,new_grad_2027_start,swe,2026-09-08,2026-09-08T22:02:41+00:00,2 hours ago,"Richardson, TX; Dunwoody, GA; Bloomington, IL; Tempe, AZ",Hybrid,No,Not Sure,https://jobright.ai/minisites-jobs/newgrad/us/swe,minisite_scrape;category=swe;cluster_hint=cloud_swe;posted=2 hours ago
StepStone Group,"Junior Analyst - AI Solutions, R&D & Coding",https://jobright.ai/jobs/info/6aa0360fea127c3794695824,newgrad_jobs,new_grad_2027_start,ml_ai,2026-09-08,2026-09-08T22:02:41+00:00,4 hours ago,"San Diego, CA",Hybrid,Not Sure,Not Sure,https://jobright.ai/minisites-jobs/newgrad/us/ml_ai,minisite_scrape;category=ml_ai;cluster_hint=data_ml;posted=4 hours ago
Strata Solicitors - A Gallagher Bassett Company,AI Developer,https://jobright.ai/jobs/info/6aa047c0500b01124c778057,newgrad_jobs,new_grad_2027_start,ml_ai,2026-09-08,2026-09-08T22:02:41+00:00,4 hours ago,"Rolling Meadows, IL",Hybrid,Not Sure,Not Sure,https://jobright.ai/minisites-jobs/newgrad/us/ml_ai,minisite_scrape;category=ml_ai;cluster_hint=data_ml;posted=4 hours ago
The Trade Desk,Data Support Analyst I,https://jobright.ai/jobs/info/6a7b65dab933773d16be6fa4,newgrad_jobs,new_grad_2027_start,data_analysis,2026-09-08,2026-09-08T22:02:41+00:00,2 hours ago,"Ventura, CA",On Site,Not Sure,Not Sure,https://jobright.ai/minisites-jobs/newgrad/us/data_analysis,minisite_scrape;category=data_analysis;cluster_hint=data_ml;posted=2 hours ago
The Voleon Group,Data Scientist,https://jobright.ai/jobs/info/6a2703fa7d827633afff8006,newgrad_jobs,new_grad_2027_start,data_science,2026-09-08,2026-09-08T22:02:41+00:00,1 day ago,United States,Remote,Not Sure,Not Sure,https://jobright.ai/minisites-jobs/newgrad/us/data_science,minisite_scrape;category=data_science;cluster_hint=data_ml;posted=1 day ago
Tredence Inc.,Consultant - Analytics,https://jobright.ai/jobs/info/6a9e417f27c94c3d5a1cbfdd,newgrad_jobs,new_grad_2027_start,data_science,2026-09-08,2026-09-08T22:02:41+00:00,1 day ago,United States,Remote,Not Sure,Not Sure,https://jobright.ai/minisites-jobs/newgrad/us/data_science,minisite_scrape;category=data_science;cluster_hint=data_ml;posted=1 day ago
UST HealthProof,Junior Full Stack Developer (Data CoE),https://jobright.ai/jobs/info/6aa05c72ea127c37946969d6,newgrad_jobs,new_grad_2027_start,swe,2026-09-08,2026-09-08T22:02:41+00:00,2 hours ago,"Bellevue, WA",On Site,No,Not Sure,https://jobright.ai/minisites-jobs/newgrad/us/swe,minisite_scrape;category=swe;cluster_hint=cloud_swe;posted=2 hours ago
UST HealthProof,Junior Full Stack Developer (Data CoE),https://jobright.ai/jobs/info/6aa05c65ea127c37946969d3,newgrad_jobs,new_grad_2027_start,swe,2026-09-08,2026-09-08T22:02:41+00:00,2 hours ago,"Overland Park, KS; Bellevue, WA",On Site,No,Not Sure,https://jobright.ai/minisites-jobs/newgrad/us/swe,minisite_scrape;category=swe;cluster_hint=cloud_swe;posted=2 hours ago
Volga Partners,German Language Data Evaluator,https://jobright.ai/jobs/info/6aa0427ba2266b538d22f407,newgrad_jobs,new_grad_2027_start,ml_ai,2026-09-08,2026-09-08T22:02:41+00:00,4 hours ago,United States,Remote,No,Not Sure,https://jobright.ai/minisites-jobs/newgrad/us/ml_ai,minisite_scrape;category=ml_ai;cluster_hint=data_ml;posted=4 hours ago
Zachary Piper Solutions,Quality Data Specialist,https://jobright.ai/jobs/info/6aa049c83b5aa83237b0829b,newgrad_jobs,new_grad_2027_start,data_analysis,2026-09-08,2026-09-08T22:02:41+00:00,4 hours ago,"Lititz, PA",On Site,Not Sure,Not Sure,https://jobright.ai/minisites-jobs/newgrad/us/data_analysis,minisite_scrape;category=data_analysis;cluster_hint=data_ml;posted=4 hours ago
Zebra Technologies,"Software Engineer, I (Fullstack)",https://jobright.ai/jobs/info/6aa02efc500b01124c777310,newgrad_jobs,new_grad_2027_start,swe,2026-09-08,2026-09-08T22:02:41+00:00,3 hours ago,"Holtsville, NY",Hybrid,Not Sure,Not Sure,https://jobright.ai/minisites-jobs/newgrad/us/swe,minisite_scrape;category=swe;cluster_hint=cloud_swe;posted=3 hours ago
iSoftStone,Associate AI Developer,https://jobright.ai/jobs/info/6a3f155178237a036d5e67c5,newgrad_jobs,new_grad_2027_start,ml_ai,2026-09-08,2026-09-08T22:02:41+00:00,4 hours ago,"White Plains, NY; New York, NY; Seattle, WA; Dallas, TX",Hybrid,No,Not Sure,https://jobright.ai/minisites-jobs/newgrad/us/ml_ai,minisite_scrape;category=ml_ai;cluster_hint=data_ml;posted=4 hours ago
