company,role,url,source,track,category,date_discovered,fetched_at,posted_relative,location,work_model,h1b_signal,is_new_grad_signal,list_url,notes
Brightree,Senior Software Quality Engineer,https://jobright.ai/jobs/info/6aa47a17f7baf881567cee06,jobright_matches,,,2026-09-11,2026-09-11T22:12:56+00:00,,,,,,,jobright_matches_scrape
"CIRCOR International, Inc.",Defense Senior Test / Data Engineer,https://jobright.ai/jobs/info/6aa156513272060a8e3ef624,jobright_matches,,,2026-09-11,2026-09-11T22:12:56+00:00,,,,,,,jobright_matches_scrape
Danfoss,Associate Product Manager Data Center,https://jobright.ai/jobs/info/6aa47cb68275e3a2117608b7,jobright_matches,,,2026-09-11,2026-09-11T22:12:56+00:00,,,,,,,jobright_matches_scrape
DoorDash,"Software Engineer - Developer Experience, Web",https://jobright.ai/jobs/info/6aa47c18422289703bd66c6a,jobright_matches,,,2026-09-11,2026-09-11T22:12:56+00:00,,,,,,,jobright_matches_scrape
EMC Insurance Companies,Intern- Data Science,https://jobright.ai/jobs/info/6aa479db1d92e2d05d114e47,jobright_matches,,,2026-09-11,2026-09-11T22:12:56+00:00,,,,,,,jobright_matches_scrape
Globant,Full Stack Developer - NY,https://jobright.ai/jobs/info/6aa47bebf3aa936e2cdb1682,jobright_matches,,,2026-09-11,2026-09-11T22:12:56+00:00,,,,,,,jobright_matches_scrape
Jane Street,Programming Language Engineer,https://jobright.ai/jobs/info/6aa47c9df3aa936e2cdb1694,jobright_matches,,,2026-09-11,2026-09-11T22:12:56+00:00,,,,,,,jobright_matches_scrape
Ohio BWC (official),Data Administration Manager 1,https://jobright.ai/jobs/info/6aa47a118275e3a211760821,jobright_matches,,,2026-09-11,2026-09-11T22:12:56+00:00,,,,,,,jobright_matches_scrape
OneImaging,Full Stack Associate Software Engineer (UF Only),https://jobright.ai/jobs/info/6aa4795a1d92e2d05d114e35,jobright_matches,,,2026-09-11,2026-09-11T22:12:56+00:00,,,,,,,jobright_matches_scrape
Optiver,Graduate Software Engineer (2027 Start),https://jobright.ai/jobs/info/6aa47be4c1928370a285e1ea,jobright_matches,,,2026-09-11,2026-09-11T22:12:56+00:00,,,,,,,jobright_matches_scrape
Quantum Integrators,Databricks Architect,https://jobright.ai/jobs/info/6aa47c17422289703bd66c66,jobright_matches,,,2026-09-11,2026-09-11T22:12:56+00:00,,,,,,,jobright_matches_scrape
Triumph,Sr. Data Analyst - Customer Experience Analytics - Hybrid M-Th Dallas HQ,https://jobright.ai/jobs/info/6aa45e1df7baf881567ce77e,jobright_matches,,,2026-09-11,2026-09-11T22:12:56+00:00,,,,,,,jobright_matches_scrape
Uber,"Graduate 2026 PhD Software Engineer II (AV Labs), United States",https://jobright.ai/jobs/info/6aa4789bf3aa936e2cdb15a8,jobright_matches,,,2026-09-11,2026-09-11T22:12:56+00:00,,,,,,,jobright_matches_scrape
Bedrock Robotics,"Internship 2027 Behavior Machine Learning Engineer, World Models",https://jobs.ashbyhq.com/bedrock-robotics/c51d682e-58ee-44de-886f-4cfacb56d2e1/application,ashby_sweep,internship_if_eligible,swe,2026-09-10,2026-09-11T22:15:12.234786+00:00,2026-09-10T21:16:05.767+00:00,"San Francisco, CA",,,,https://jobs.ashbyhq.com/bedrock-robotics/c51d682e-58ee-44de-886f-4cfacb56d2e1,corrections=sponsorship_answer_no;blockers=required_essay;workplaceType=Hybrid;department=Engineering
Bedrock Robotics,"Internship 2027 Onboard Infrastructure Engineer, ML Inference",https://jobs.ashbyhq.com/bedrock-robotics/0331551e-c18e-428a-8e91-e6cb25c9c2e8/application,ashby_sweep,internship_if_eligible,swe,2026-09-10,2026-09-11T22:15:12.234786+00:00,2026-09-10T21:22:05.089+00:00,"San Francisco, CA",,,,https://jobs.ashbyhq.com/bedrock-robotics/0331551e-c18e-428a-8e91-e6cb25c9c2e8,corrections=sponsorship_answer_no;blockers=required_essay;workplaceType=Hybrid;department=Engineering
Bedrock Robotics,Internship 2027 Sensor Systems Engineer,https://jobs.ashbyhq.com/bedrock-robotics/d7da851b-55c2-45d4-bf8b-aa879282f25c/application,ashby_sweep,internship_if_eligible,swe,2026-09-10,2026-09-11T22:15:12.234786+00:00,2026-09-10T21:19:41.680+00:00,"San Francisco, CA",,,,https://jobs.ashbyhq.com/bedrock-robotics/d7da851b-55c2-45d4-bf8b-aa879282f25c,corrections=sponsorship_answer_no;blockers=required_essay;workplaceType=Hybrid;department=Engineering
Bedrock Robotics,Internship 2027 Validation & Verification Test Engineer,https://jobs.ashbyhq.com/bedrock-robotics/c396dedc-06ec-4a23-8408-0194e360f30e/application,ashby_sweep,internship_if_eligible,swe,2026-09-10,2026-09-11T22:15:12.234786+00:00,2026-09-10T21:13:06.999+00:00,"San Francisco, CA",,,,https://jobs.ashbyhq.com/bedrock-robotics/c396dedc-06ec-4a23-8408-0194e360f30e,corrections=sponsorship_answer_no;blockers=required_essay;workplaceType=Hybrid;department=Engineering
Ahold Delhaize USA,A-Brands Analytics Co-op,https://jobright.ai/jobs/info/6aa4533b422289703bd66278,intern_list,internship_if_eligible,data_analysis,2026-09-11,2026-09-11T22:12:56+00:00,2 hours ago,"Salisbury, NC",Hybrid,10000+,"1. Currently pursuing a bachelor's degree in business, supply chain management, finance, economics, analytics, marketing, or a related field. 2. Relevant coursework or experience in project management, business analytics, financial analysis, strategic planning, or supply chain management. 3. Proficiency or developing proficiency in Microsoft Excel and PowerPoint, with the ability to organize data and communicate findings clearly. ...",https://jobright.ai/minisites-jobs/intern/us/data_analysis,minisite_scrape;category=data_analysis;cluster_hint=data_ml;posted=2 hours ago
Amcor,Business Analytics & Technology Intern,https://jobright.ai/jobs/info/6a8dc88947679c68bf5e4b5c,intern_list,internship_if_eligible,data_analysis,2026-09-11,2026-09-11T22:12:56+00:00,3 hours ago,"Evansville, IN",On Site,10000+,"1. Minimum completion of sophomore status in good standing pursuing a bachelor’s degree in a course of study in Computer Information Systems, Computer Sciences, or Business Management, Human Resources. 2. Analytical skills with the ability to perform data analysis, build basic visualizations and work with pivot tables 3. The ability to construct training materials and provide engaging end user training, both in-person and via web conference. ...",https://jobright.ai/minisites-jobs/intern/us/data_analysis,minisite_scrape;category=data_analysis;cluster_hint=data_ml;posted=3 hours ago
Amgen,Grad Intern – Data Scientist – Amgen’s Technology & Medical Organizations (Summer 2027),https://jobright.ai/jobs/info/6aa4482cc1928370a285d626,intern_list,internship_if_eligible,data_science,2026-09-11,2026-09-11T22:12:56+00:00,22 hours ago,United States,Remote,10000+,1. Must be available to work a full-time schedule. 2. Expected continued enrollment in an accredited college or university following the internship program / co-op 3. Student must be located in the United States for the duration of the internship program ...,https://jobright.ai/minisites-jobs/intern/us/data_science,minisite_scrape;category=data_science;cluster_hint=data_ml;posted=22 hours ago
Burns & McDonnell,Software Developer Intern - Transmission & Distribution (St. Louis),https://jobright.ai/jobs/info/6aa46ab41d92e2d05d114af3,intern_list,internship_if_eligible,swe,2026-09-11,2026-09-11T22:12:56+00:00,3 hours ago,"St. Louis, MO",On Site,5001-10000,"1. Pursuit of Bachelor's degree in Computer Science or related field. 2. Currently enrolled, and in good standing, in a post-secondary education and/or technical certificate program in a field related to the work done in the department. 3. Actively involved in campus, community or other volunteer activities or organizations. ...",https://jobright.ai/minisites-jobs/intern/us/swe,minisite_scrape;category=swe;cluster_hint=cloud_swe;posted=3 hours ago
ByteDance,Research Intern (AI-Native Databases) - 2027 Start (PhD),https://jobright.ai/jobs/info/6aa44f958275e3a21175fdec,intern_list,internship_if_eligible,swe,2026-09-11,2026-09-11T22:12:56+00:00,3 hours ago,"San Jose, CA",On Site,10000+,"1. - Currently pursuing a PhD degree in Computer Science, Computer Engineering, or other related fields 2. - Knowledge of database kernel, distributed system, query processing and optimization, multi-threaded programming 3. - Experience coding in C/C++, Golang, Java, Python",https://jobright.ai/minisites-jobs/intern/us/swe,minisite_scrape;category=swe;cluster_hint=cloud_swe;posted=3 hours ago
CACI International Inc,AWS Cloud Engineering Intern - Summer 2027,https://jobright.ai/jobs/info/6a96f7fa246d697dcee02449,intern_list,internship_if_eligible,swe,2026-09-11,2026-09-11T22:12:56+00:00,4 hours ago,"Sarasota, FL",On Site,10000+,"1. Currently pursuing a degree in Computer Science, Information Technology, Engineering, or a related field 2. Must be legally authorized to work in the United States without the need for employer sponsorship, now or at any time in the future 3. Must be able to obtain and maintain applicable security clearance ...",https://jobright.ai/minisites-jobs/intern/us/swe,minisite_scrape;category=swe;cluster_hint=cloud_swe;posted=4 hours ago
CACI International Inc,Embedded Software Engineering Co-Op - Fall 2027,https://jobright.ai/jobs/info/6a96c444246d697dcee012c3,intern_list,internship_if_eligible,swe,2026-09-11,2026-09-11T22:12:56+00:00,4 hours ago,"Danbury, CT",On Site,10000+,"1. Current Junior or Senior pursuing a Bachelor's degree in Computer Science, Computer Engineering, or a related field 2. Must be legally authorized to work in the United States without the need for employer sponsorship, now or at any time in the future 3. Experience with programming in C++ or C# ...",https://jobright.ai/minisites-jobs/intern/us/swe,minisite_scrape;category=swe;cluster_hint=cloud_swe;posted=4 hours ago
CACI International Inc,Embedded Software Engineering Co-Op - Fall 2027,https://jobright.ai/jobs/info/6a96d268d13b4819f39dd1c8,intern_list,internship_if_eligible,swe,2026-09-11,2026-09-11T22:12:56+00:00,4 hours ago,"Danbury, CT",On Site,10000+,"1. Current Junior or Senior pursuing a Bachelor's degree in Computer Science, Computer Engineering, or a related field 2. Must be legally authorized to work in the United States without the need for employer sponsorship, now or at any time in the future 3. Experience with programming in C++ or C# ...",https://jobright.ai/minisites-jobs/intern/us/swe,minisite_scrape;category=swe;cluster_hint=cloud_swe;posted=4 hours ago
CACI International Inc,Embedded Software Engineering Co-op - Spring 2027,https://jobright.ai/jobs/info/6a96d260e4e60e4b8da5a13b,intern_list,internship_if_eligible,swe,2026-09-11,2026-09-11T22:12:56+00:00,4 hours ago,"Danbury, CT",On Site,10000+,"1. Current Junior or Senior pursuing a Bachelor's degree in Computer Science, Computer Engineering, or a related field 2. Must be legally authorized to work in the United States without the need for employer sponsorship, now or at any time in the future 3. Experience with programming in C++ or C# ...",https://jobright.ai/minisites-jobs/intern/us/swe,minisite_scrape;category=swe;cluster_hint=cloud_swe;posted=4 hours ago
Casey's,Asset Protection Data Analyst Internship - Summer 2027,https://jobright.ai/jobs/info/6a99a608138838706058f5d6,intern_list,internship_if_eligible,data_analysis,2026-09-11,2026-09-11T22:12:56+00:00,6 hours ago,"Ankeny, IA",On Site,10000+,"1. Current Junior or Senior pursuing a Bachelor's or Master's degree in Business or Data Analytics, Criminal Justice or related field. 2. Knowledge of Microsoft Office (Word, Excel, PowerPoint) 3. Excellent written and verbal communication skills ...",https://jobright.ai/minisites-jobs/intern/us/data_analysis,minisite_scrape;category=data_analysis;cluster_hint=data_ml;posted=6 hours ago
Caterpillar Inc.,2027 Summer Corporate Intern – Digital and Analytics,https://jobright.ai/jobs/info/6a99dab21388387060590ea2,intern_list,internship_if_eligible,data_analysis,2026-09-11,2026-09-11T22:12:56+00:00,6 hours ago,"Peoria, IL",On Site,10000+,"1. Must be enrolled full time at a 4-year University/College in Computer Science, Computer Engineering, Data Science/Analytics, Data Visualization, Marketing Analytics, Math, Stats, Software Engineering, Information Systems, Systems Engineering or related degree at the time of application and throughout the program 2. Must have completed 12 credit hours prior to the start of the program 3. Minimum 3.0/4.0 cumulative GPA, no rounding ...",https://jobright.ai/minisites-jobs/intern/us/data_analysis,minisite_scrape;category=data_analysis;cluster_hint=data_ml;posted=6 hours ago
Central Hudson,Data Analytics Intern,https://jobright.ai/jobs/info/6aa459fdc1928370a285da29,intern_list,internship_if_eligible,data_analysis,2026-09-11,2026-09-11T22:12:56+00:00,2 hours ago,"Poughkeepsie, NY",On Site,501-1000,"1. Students enrolled in data analytics, data science, computer science, mathematics or statistics will be considered 2. Candidates must have a 3.0 GPA or higher and currently be an undergraduate student working on their bachelor’s degree in their freshman, sophomore, or junior year. 3. Graduate students working on their master’s degree will also be considered ...",https://jobright.ai/minisites-jobs/intern/us/data_analysis,minisite_scrape;category=data_analysis;cluster_hint=data_ml;posted=2 hours ago
Dexmate,"Research Intern, PhD (AI, Robotics)",https://jobright.ai/jobs/info/6a58e4873ac7627fe9ffbeee,intern_list,internship_if_eligible,ml_ai,2026-09-11,2026-09-11T22:12:56+00:00,10 hours ago,"Fremont, CA",On Site,11-50,"1. Currently enrolled in a PhD degree in Computer Science, Robotics, Electrical Engineering, Mechanical Engineering, etc., or related technical field. 2. Passionate about working with robots. 3. Research experience in embodied AI, robotics, computer vision, machine learning, human-AI interaction, and computer science. ...",https://jobright.ai/minisites-jobs/intern/us/ml_ai,minisite_scrape;category=ml_ai;cluster_hint=data_ml;posted=10 hours ago
DiligenceVault,AI Engineer Intern,https://jobright.ai/jobs/info/6aa3f4f11d92e2d05d1127f7,intern_list,internship_if_eligible,swe,2026-09-11,2026-09-11T22:12:56+00:00,2 hours ago,"New York, NY",Hybrid,1-10,"1. Pursuing a Bachelor’s or Master’s degree in Computer Science, AI, Data Science, Engineering, or a related field 2. Strong Python skills and solid software engineering fundamentals 3. Familiarity with LLMs, embeddings, RAG, NLP, or modern AI frameworks ...",https://jobright.ai/minisites-jobs/intern/us/swe,minisite_scrape;category=swe;cluster_hint=cloud_swe;posted=2 hours ago
Ditch Witch,Spatial Data R&D Intern - The Toro Company,https://jobright.ai/jobs/info/6aa40c3cc1928370a285c34f,intern_list,internship_if_eligible,data_science,2026-09-11,2026-09-11T22:12:56+00:00,22 hours ago,"Bloomington, MN",On Site,1001-5000,"1. Candidates must be available to start on May 17 and participate through the duration of the program. 2. Applicants must be legally authorized to work in the United States. 3. Undergraduate Junior or Senior or Masters candidate in GIS, Computer or Data Science, or relevant Science and Engineering discipline ...",https://jobright.ai/minisites-jobs/intern/us/data_science,minisite_scrape;category=data_science;cluster_hint=data_ml;posted=22 hours ago
Dixon Valve,AI Solution & Automations Intern,https://jobright.ai/jobs/info/6aa1ab3a2f936e4a53dad64b,intern_list,internship_if_eligible,swe,2026-09-11,2026-09-11T22:12:56+00:00,1 hour ago,"Chestertown, MD",On Site,101-250,"1. Currently enrolled in an accredited college or university. 2. Pursuing a degree in Computer Science, Data Science, Information Systems, Engineering, Business Analytics, or a related field. 3. Available to work a minimum of 10 hours per week. ...",https://jobright.ai/minisites-jobs/intern/us/swe,minisite_scrape;category=swe;cluster_hint=cloud_swe;posted=1 hour ago
ECS,Junior Software Engineer - Intern,https://jobright.ai/jobs/info/6aa46bf5422289703bd668e4,intern_list,internship_if_eligible,swe,2026-09-11,2026-09-11T22:12:56+00:00,3 hours ago,"Fairfax, VA",On Site,1001-5000,"1. Must be a US Citizen 2. Currently pursuing a Bachelor’s or Master’s degree in Computer Science, Engineering, or a related field 3. Experience working with programming languages (i.e. Python, C++, Java) ...",https://jobright.ai/minisites-jobs/intern/us/swe,minisite_scrape;category=swe;cluster_hint=cloud_swe;posted=3 hours ago
Elevate,"Intern, AI Enablement",https://jobright.ai/jobs/info/6a874c9dd34f700f87fc4a80,intern_list,internship_if_eligible,ml_ai,2026-09-11,2026-09-11T22:12:56+00:00,6 hours ago,"Fort Worth, TX; Addison, TX",On Site,251-500,"1. The Intern is a college-level problem solver who learns quickly and enjoys building. 2. We are looking for someone with minimal or no professional experience but a strong track record of project work—coursework, capstones, hackathons, or personal builds—that demonstrates curiosity, initiative, and the ability to take an idea from concept to a working solution. 3. A genuine interest in AI, automation, and emerging technology is essential. ...",https://jobright.ai/minisites-jobs/intern/us/ml_ai,minisite_scrape;category=ml_ai;cluster_hint=data_ml;posted=6 hours ago
Envita Solutions,"Data Scientist Intern, Applied AI",https://jobright.ai/jobs/info/6aa458fcc1928370a285d9e1,intern_list,internship_if_eligible,data_science,2026-09-11,2026-09-11T22:12:56+00:00,17 hours ago,"Indianapolis, IN",On Site,251-500,"1. High School or Equivalent. 2. Familiarization with data manipulation and visualization tools, including but not limited to numpy, pandas, seaborn, and plotly. 3. Academic, internship, or project-based experience with machine learning frameworks (e.g. scikit-learn, scipy, TensorFlow, PyTorch). ...",https://jobright.ai/minisites-jobs/intern/us/data_science,minisite_scrape;category=data_science;cluster_hint=data_ml;posted=17 hours ago
FIRST,IT Data Operations Intern (Hybrid - NY office),https://jobright.ai/jobs/info/6aa425a9f7baf881567cd78e,intern_list,internship_if_eligible,data_analysis,2026-09-11,2026-09-11T22:12:56+00:00,6 hours ago,"New York, NY",Hybrid,501-1000,"1. Strong data curiosity with a desire to investigate and solve complex data problems. 2. Proficiency with Excel functions (e.g., VLOOKUP/XLOOKUP, Pivot Tables, filtering, and text formulas). 3. High level of organization and detail orientation, with the ability to structure messy data into logical categories. ...",https://jobright.ai/minisites-jobs/intern/us/data_analysis,minisite_scrape;category=data_analysis;cluster_hint=data_ml;posted=6 hours ago
Farm Credit of Florida,AI Intern,https://jobright.ai/jobs/info/6aa3fab1422289703bd647cb,intern_list,internship_if_eligible,ml_ai,2026-09-11,2026-09-11T22:12:56+00:00,9 hours ago,"Bel Air, MD; Mechanicsburg, PA",On Site,101-250,"1. Ambitious student currently pursuing a Bachelor’s degree program in Computer Science, Information Systems, Software Engineering, Data Analytics, or related field. 2. Strong academic background and a GPA of 3.0 or above. 3. Experience with Coursework in Data Structures and Algorithms, Database, Programming, and User Experience. ...",https://jobright.ai/minisites-jobs/intern/us/ml_ai,minisite_scrape;category=ml_ai;cluster_hint=data_ml;posted=9 hours ago
Fifth Third Bank,Information Security Co-op – Code Security – Spring 2027,https://jobright.ai/jobs/info/6a86fe21e8b6601d12901065,intern_list,internship_if_eligible,swe,2026-09-11,2026-09-11T22:12:56+00:00,3 hours ago,"Cincinnati, OH",On Site,10000+,"1. Must be authorized to work in the U.S. without the need for employment-based immigration sponsorship now or in the future. 2. Current enrollment in accredited undergraduate degree program studying Cybersecurity, Computer Science, or similar relevant field 3. Strong academic record with a minimum cumulative GPA of 3.0. ...",https://jobright.ai/minisites-jobs/intern/us/swe,minisite_scrape;category=swe;cluster_hint=cloud_swe;posted=3 hours ago
Garmin,Data Scientist Intern,https://jobright.ai/jobs/info/6aa422e8f3aa936e2cdaff28,intern_list,internship_if_eligible,data_science,2026-09-11,2026-09-11T22:12:56+00:00,3 hours ago,"Olathe, KS",On Site,10000+,"1. Pursuing a degree in Computer Science, Electrical Engineering, Computer Engineering, Software Engineering, Aerospace Engineering, Math or relevant field 2. Excellent academics (cumulative GPA greater than or equal to 3.0 as a general rule) 3. Familiarity using systems such as SQL, Python or R ...",https://jobright.ai/minisites-jobs/intern/us/data_science,minisite_scrape;category=data_science;cluster_hint=data_ml;posted=3 hours ago
General Atomics,Intern - Data Science,https://jobright.ai/jobs/info/6aa3bde45c11cce36036607b,intern_list,internship_if_eligible,data_science,2026-09-11,2026-09-11T22:12:56+00:00,18 hours ago,"San Diego, CA",On Site,10000+,1. * Desired Skills: Data Science. 2. * Requires active enrollment and currently attending as an undergraduate/graduate student at a recognized college or university. 3. * Full- or part-time continuing student enrolled in an accredited U.S. college or university. ...,https://jobright.ai/minisites-jobs/intern/us/data_science,minisite_scrape;category=data_science;cluster_hint=data_ml;posted=18 hours ago
Genworth,Data Analytics Intern – Summer 2027,https://jobright.ai/jobs/info/6aa462381d92e2d05d11490b,intern_list,internship_if_eligible,data_science,2026-09-11,2026-09-11T22:12:56+00:00,17 hours ago,"Richmond, VA",Hybrid,1001-5000,"1. Pursuing a Bachelor’s degree in a mathematics, data science, statistics, operations research, or other analytical or technical discipline 2. Minimum grade point average of 3.2 on a 4.0 scale 3. Strong analytical ability and verbal/written communication skills to non-technical audiences ...",https://jobright.ai/minisites-jobs/intern/us/data_science,minisite_scrape;category=data_science;cluster_hint=data_ml;posted=17 hours ago
GigFinder.ai,IT Data Intern,https://jobright.ai/jobs/info/6aa45ad9f7baf881567ce6d6,intern_list,internship_if_eligible,data_analysis,2026-09-11,2026-09-11T22:12:56+00:00,5 hours ago,"Indianapolis, IN",On Site,1-10,,https://jobright.ai/minisites-jobs/intern/us/data_analysis,minisite_scrape;category=data_analysis;cluster_hint=data_ml;posted=5 hours ago
Horizon Farm Credit,AI Intern,https://jobright.ai/jobs/info/6aa419531d92e2d05d1134e0,intern_list,internship_if_eligible,ml_ai,2026-09-11,2026-09-11T22:12:56+00:00,10 hours ago,"Bel Air, MD; Mechanicsburg, PA",On Site,251-500,"1. Ambitious student currently pursuing a Bachelor’s degree program in Computer Science, Information Systems, Software Engineering, Data Analytics, or related field. 2. Strong academic background and a GPA of 3.0 or above. 3. Experience with Coursework in Data Structures and Algorithms, Database, Programming, and User Experience. ...",https://jobright.ai/minisites-jobs/intern/us/ml_ai,minisite_scrape;category=ml_ai;cluster_hint=data_ml;posted=10 hours ago
IBM,"Compliance SW Developer Intern: Systems Assurance - Poughkeepsie, NY - 2027",https://jobright.ai/jobs/info/6aa43cd9f7baf881567cdfa0,intern_list,internship_if_eligible,ml_ai,2026-09-11,2026-09-11T22:12:56+00:00,4 hours ago,"Poughkeepsie, NY",Hybrid,10000+,"1. High School Diploma/GED 2. Experience with software development in Python, Java, JavaScript, TypeScript, or similar technologies 3. Experience using Git or other version control systems ...",https://jobright.ai/minisites-jobs/intern/us/ml_ai,minisite_scrape;category=ml_ai;cluster_hint=data_ml;posted=4 hours ago
IBM,"Data Scientist Intern - Poughkeepsie, NY - 2027",https://jobright.ai/jobs/info/6aa4323ac1928370a285cf5b,intern_list,internship_if_eligible,data_science,2026-09-11,2026-09-11T22:12:56+00:00,5 hours ago,"Poughkeepsie, NY",Hybrid,10000+,"1. High School Diploma/GED 2. Experience or coursework in software development, design, and/or testing 3. Understanding of computer architecture and programming fundamentals ...",https://jobright.ai/minisites-jobs/intern/us/data_science,minisite_scrape;category=data_science;cluster_hint=data_ml;posted=5 hours ago
IBM,Data and AI Intern 2027,https://jobright.ai/jobs/info/6a9e267c75edfa11b471067f,intern_list,internship_if_eligible,data_science,2026-09-11,2026-09-11T22:12:56+00:00,7 hours ago,"Armonk, NY",Hybrid,10000+,1. High School Diploma/GED 2. Knowledge of data migration and data warehousing. 3. Experience with database server connectivity and usability testing. ...,https://jobright.ai/minisites-jobs/intern/us/data_science,minisite_scrape;category=data_science;cluster_hint=data_ml;posted=7 hours ago
IBM,Storage Systems Research Scientist Intern 2027,https://jobright.ai/jobs/info/6aa4672df3aa936e2cdb121d,intern_list,internship_if_eligible,swe,2026-09-11,2026-09-11T22:12:56+00:00,1 hour ago,"San Jose, CA",On Site,10000+,"1. Bachelor's Degree 2. Currently pursuing a degree in Computer Science, Engineering, or related field (MS/PhD), with a focus on systems or at the intersection of systems and AI; 3. Experience with system performance measurement and analysis; ...",https://jobright.ai/minisites-jobs/intern/us/swe,minisite_scrape;category=swe;cluster_hint=cloud_swe;posted=1 hour ago
Johnson Financial Group,Information Technology / Security Rotational Internship 2027,https://jobright.ai/jobs/info/6aa426378275e3a21175f281,intern_list,internship_if_eligible,swe,2026-09-11,2026-09-11T22:12:56+00:00,4 hours ago,"Racine, WI",On Site,1001-5000,"1. Junior standing 2. Actively seeking a degree in Computer Science, Management Information Systems, Information Security, or related field 3. Experience utilizing Microsoft tools including Windows 10, Server 2016+, Active Directory, Intune, OneDrive, and networking platforms such as Cisco and Palo Alto",https://jobright.ai/minisites-jobs/intern/us/swe,minisite_scrape;category=swe;cluster_hint=cloud_swe;posted=4 hours ago
Labcorp,Intern - Data Science - Oncology,https://jobright.ai/jobs/info/6aa3e5f5f3aa936e2cdae888,intern_list,internship_if_eligible,data_science,2026-09-11,2026-09-11T22:12:56+00:00,14 hours ago,"Baltimore, MD",On Site,10000+,"1. • Current enrollment in a Bachelor’s degree program in Life Sciences, Data Science, Bioinformatics or Computer Science 2. • Have an interest in oncology, genomics, data science and/or bioinformatics 3. • Show initiative and the ability to work independently under general supervision ...",https://jobright.ai/minisites-jobs/intern/us/data_science,minisite_scrape;category=data_science;cluster_hint=data_ml;posted=14 hours ago
Lawrence Livermore National Laboratory,Computational Engineering Division Graduate Intern - Summer 2027,https://jobright.ai/jobs/info/6a8799e9680f314a29d397f2,intern_list,internship_if_eligible,data_science,2026-09-11,2026-09-11T22:12:56+00:00,7 hours ago,"Livermore, CA",Hybrid,5001-10000,1. Must be eligible to access the Laboratory in compliance with Section 3112 of the National Defense Authorization Act (NDAA). See Additional Information section below for details. 2. Must be a continuing college student in good standing at an accredited institution pursuing a graduate degree or has completed their bachelor’s or master’s degree. 3. Demonstrated academic achievement in Engineering Computer Science or a related field. ...,https://jobright.ai/minisites-jobs/intern/us/data_science,minisite_scrape;category=data_science;cluster_hint=data_ml;posted=7 hours ago
Lawrence Livermore National Laboratory,Heavy-Ion Physics and Scientific Machine Learning - Postdoctoral Researcher,https://jobright.ai/jobs/info/6a7cd8b477d5f033c4b90eee,intern_list,internship_if_eligible,ml_ai,2026-09-11,2026-09-11T22:12:56+00:00,5 hours ago,"Livermore, CA",Hybrid,5001-10000,"1. Ph.D. in Physics, Nuclear Physics, High Energy Physics or a closely related discipline. 2. Demonstrated research experience in experimental nuclear or particle physics. 3. Experience analyzing large scientific datasets using ROOT, Python, C++, or similar scientific software frameworks. ...",https://jobright.ai/minisites-jobs/intern/us/ml_ai,minisite_scrape;category=ml_ai;cluster_hint=data_ml;posted=5 hours ago
LifeStyles Healthcare,AI Intern - Human Resources,https://jobright.ai/jobs/info/6aa443be1d92e2d05d114214,intern_list,internship_if_eligible,data_analysis,2026-09-11,2026-09-11T22:12:56+00:00,4 hours ago,"New York, NY",Hybrid,1001-5000,"1. Pursuing a degree in Human Resources, Business, Data Science, Psychology, Computer Science, or a related field 2. Genuine interest in people and organizations — not just the data, but what it means for how companies run 3. Comfortable working with data: Excel is a must; exposure to Power BI, or HRIS systems ...",https://jobright.ai/minisites-jobs/intern/us/data_analysis,minisite_scrape;category=data_analysis;cluster_hint=data_ml;posted=4 hours ago
Lockheed Martin,Embedded Software Engineer Intern,https://jobright.ai/jobs/info/6aa440161d92e2d05d114116,intern_list,internship_if_eligible,swe,2026-09-11,2026-09-11T22:12:56+00:00,4 hours ago,"Grand Prairie, TX",On Site,10000+,"1. • Must be working towards a Bachelor's degree in Computer Engineering, Computer Science, or related software discipline 2. • Demonstrated software development experience in C++ 3. • Experience working Operating systems / familiarity with OS concepts. This may include: Linux, Windows, Unix, VxWorks, Operating Systems Coursework, etc. ...",https://jobright.ai/minisites-jobs/intern/us/swe,minisite_scrape;category=swe;cluster_hint=cloud_swe;posted=4 hours ago
Lyft,"Data Science Intern, Algorithms (Summer 2027)",https://jobright.ai/jobs/info/6aa44380f7baf881567ce177,intern_list,internship_if_eligible,data_science,2026-09-11,2026-09-11T22:12:56+00:00,3 hours ago,"San Francisco, CA",Hybrid,5001-10000,"1. We're looking for Masters or PhD students who are passionate about solving mathematical problems with data and are excited about working in a fast-paced, innovative and collegial environment. 2. **Currently pursuing a Masters or PhD degree** in mathematical sciences (**Operations Research, Computer Science, Statistics**, Applied Mathematics, Theoretical Physics, Behavioral Science, Electrical Engineering, etc.), Economics (Microeconomics Theory, Econometrics etc.), Data Engineering; or a related field; with **a graduation date between December 2027 and June 2028 (required)** 3. Available during **Summer 2027** for an internship in **San Francisco** ...",https://jobright.ai/minisites-jobs/intern/us/data_science,minisite_scrape;category=data_science;cluster_hint=data_ml;posted=3 hours ago
Lyft,"Software Engineer Intern, Backend (Summer 2027)",https://jobright.ai/jobs/info/6aa44b72f7baf881567ce320,intern_list,internship_if_eligible,swe,2026-09-11,2026-09-11T22:12:56+00:00,3 hours ago,"San Francisco, CA",Hybrid,5001-10000,"1. Currently pursuing a **Bachelor's or Master's degree in Computer Science**, with a **graduation date between December 2027 and Summer 2028 (required).** For any candidates who are master's students who worked between their bachelor's and master's programs: candidates should also have less than 2 years of relevant full-time work experience 2. Available during **Summer 2027** for an internship in **San Francisco** 3. Strong knowledge of CS fundamentals ...",https://jobright.ai/minisites-jobs/intern/us/swe,minisite_scrape;category=swe;cluster_hint=cloud_swe;posted=3 hours ago
Lyft,"Software Engineer Intern, Fullstack (Summer 2027)",https://jobright.ai/jobs/info/6aa45fcec1928370a285db90,intern_list,internship_if_eligible,swe,2026-09-11,2026-09-11T22:12:56+00:00,2 hours ago,"New York, NY",Hybrid,5001-10000,"1. Currently pursuing a Bachelor's or Master's degree in Computer Science, with a graduation date between December 2027 and Summer 2028 (required). 2. For any candidates who are master's students who worked between their bachelor's and master's programs: candidates should also have less than 2 years of relevant full-time work experience 3. Available during Summer 2027 for an internship in New York City ...",https://jobright.ai/minisites-jobs/intern/us/swe,minisite_scrape;category=swe;cluster_hint=cloud_swe;posted=2 hours ago
MegazoneCloud Global,Software Engineer Co-op 2027,https://jobright.ai/jobs/info/6aa42a79f3aa936e2cdb0118,intern_list,internship_if_eligible,swe,2026-09-11,2026-09-11T22:12:56+00:00,2 hours ago,"Rochester, NY",On Site,11-50,"1. Currently pursuing a degree in Computer Science, Software Engineering, or a related technical field. 2. Proficiency in at least one programming language (e.g., Python, Java, JavaScript, Go) and a strong grasp of programming/scripting fundamentals. 3. Exposure to or a deep interest in major cloud platforms (e.g., AWS, Azure) and modern data ecosystems. ...",https://jobright.ai/minisites-jobs/intern/us/swe,minisite_scrape;category=swe;cluster_hint=cloud_swe;posted=2 hours ago
Motorola Solutions,2027 Software Engineering Summer Internship,https://jobright.ai/jobs/info/6aa44e89c1928370a285d72b,intern_list,internship_if_eligible,swe,2026-09-11,2026-09-11T22:12:56+00:00,2 hours ago,"Plantation, FL",On Site,10000+,"1. Currently pursuing at least a Bachelor's Degree in Computer Science, Computer Engineering, Software Engineering, Electrical Engineering, or a related field ​2. Must be a US Citizen, permanent resident or be an MS student with work authorization (F1 Visa on CPT accepted only for masters-level students)",https://jobright.ai/minisites-jobs/intern/us/swe,minisite_scrape;category=swe;cluster_hint=cloud_swe;posted=2 hours ago
Nokia,Data Science Co-op/Intern,https://jobright.ai/jobs/info/6aa44509f7baf881567ce1e2,intern_list,internship_if_eligible,swe,2026-09-11,2026-09-11T22:12:56+00:00,1 hour ago,"Ottawa, KS",Hybrid,10000+,"1. Currently pursuing a Bachelor's or Master's degree, or a College diploma, at an accredited Canadian university or college in a relevant technical discipline. 2. Strong programming experience in Python and familiarity with software development, automation frameworks, APIs, and application design principles. 3. Knowledge of Generative AI concepts, including Large Language Models (LLMs), prompt engineering, Retrieval-Augmented Generation (RAG), AI agents, and agentic workflows. ...",https://jobright.ai/minisites-jobs/intern/us/swe,minisite_scrape;category=swe;cluster_hint=cloud_swe;posted=1 hour ago
Philips,"Graduate Level Co-op – Data Scientist – Plymouth, MN – January 2027",https://jobright.ai/jobs/info/6a873fb9cde3717f9e9b1053,intern_list,internship_if_eligible,data_science,2026-09-11,2026-09-11T22:12:56+00:00,12 hours ago,"Plymouth, MN",Hybrid,10000+,"1. Pursuing a **master's degree or doctorate (Ph.D preferred)** in computer science, computer engineering, or a related field. 2. Experience working with deep learning frameworks like PyTorch, TensorFlow etc. and CNNs like UNet, ResUNet etc. 3. Strong understanding of medical imaging standards and formats (e.g., DICOM, NIfTI) and familiarity with data management tools specific to imaging (e.g., PACS, cloud-based storage for imaging data). ...",https://jobright.ai/minisites-jobs/intern/us/data_science,minisite_scrape;category=data_science;cluster_hint=data_ml;posted=12 hours ago
Procter & Gamble,PhD Intern - Data Scientist & Generative AI in Femcare,https://jobright.ai/jobs/info/6aa40cc5422289703bd64d5d,intern_list,internship_if_eligible,data_science,2026-09-11,2026-09-11T22:12:56+00:00,19 hours ago,"Cincinnati, OH",Hybrid,10000+,"1. • Education: Working towards a PhD in Computer Science, Machine Learning, Statistics, Mechanical Engineering, Computational Physics, Computational Engineering, Applied Mathematics, or Data Science. 2. • Active learning / sequential experimental design — central to recommending the next most informative consumer study or simulation. 3. • Probabilistic machine learning / Bayesian statistics — needed to represent prediction uncertainty and update confidence as evidence arrives. ...",https://jobright.ai/minisites-jobs/intern/us/data_science,minisite_scrape;category=data_science;cluster_hint=data_ml;posted=19 hours ago
Ryan,AI-Enabled Business Solutions Intern,https://jobright.ai/jobs/info/6aa42ef6f7baf881567cda6a,intern_list,internship_if_eligible,ml_ai,2026-09-11,2026-09-11T22:12:56+00:00,5 hours ago,"Media, PA; Manchester, England; London, England",On Site,5001-10000,"1. Currently undertaking a university degree with the opportunity to complete a placement year, or recently graduated. 2. Applications are welcomed from a broad range of disciplines. Relevant areas may include Artificial Intelligence, Machine Learning, Computer Science, Data Science or Analytics, Information Systems, Software Engineering, Mathematics, Statistics, Engineering, Economics, Business Analytics, Digital Business, Innovation or Technology Management. 3. Candidates from other academic disciplines are encouraged to apply where they can demonstrate relevant skills, experience or a strong interest in AI, technology and business problem-solving. ...",https://jobright.ai/minisites-jobs/intern/us/ml_ai,minisite_scrape;category=ml_ai;cluster_hint=data_ml;posted=5 hours ago
Sanofi,"2027 Spring Co-op Bioinformatic Digital Data Scientist - Global Immunology, Waltham, MA",https://jobright.ai/jobs/info/6aa41fa5f3aa936e2cdafde9,intern_list,internship_if_eligible,data_science,2026-09-11,2026-09-11T22:12:56+00:00,5 hours ago,"Waltham, MA",On Site,10000+,"1. Currently pursuing a bachelor’s or master’s degree in bioinformatics, Computational Biology, Data Science, Computer Science, or related field. 2. Must be permanently authorized to work in the U.S. and not require sponsorship of an employment visa (e.g., H-1B or green card) at the time of application or in the future. Students currently on CPT, OPT, or STEM OPT usually require future sponsorship for long term employment and do not meet the Internal requirements for this program unless eligible for an alternative long-term status that does not require company sponsorship. 3. Must be enrolled in an accredited college or university throughout the duration of the co-op/internship. ...",https://jobright.ai/minisites-jobs/intern/us/data_science,minisite_scrape;category=data_science;cluster_hint=data_ml;posted=5 hours ago
Securian Financial,Data Science and Advanced Analytics Internship - Summer 2027,https://jobright.ai/jobs/info/6aa39abcc5a856ac7e33a62a,intern_list,internship_if_eligible,data_science,2026-09-11,2026-09-11T22:12:56+00:00,20 hours ago,"Saint Paul, MN",Hybrid,1001-5000,"1. Summer internships are intended for undergraduate students graduating in December ’27 or May ‘28. 2. We are unable to pursue candidates who would require Visa sponsorship now or in the future. 3. • Experience in R, Python, or related technologies. ...",https://jobright.ai/minisites-jobs/intern/us/data_science,minisite_scrape;category=data_science;cluster_hint=data_ml;posted=20 hours ago
Tesla,"Internship, Software Engineer, Data Platforms (Winter/Spring 2027)",https://jobright.ai/jobs/info/6aa44feec1928370a285d783,intern_list,internship_if_eligible,swe,2026-09-11,2026-09-11T22:12:56+00:00,3 hours ago,"Palo Alto, CA",On Site,1-10,"1. This position is expected to start around January/February 2027 and continue through the entire Spring term (ending approximately May 2027 or later, if available). We ask for a minimum of 12 weeks, Full - Time (40 hours/week) and on-site, for most internships. 2. Our internship program is for students who are actively enrolled in an academic program. 3. You must be able to work 40 hours per week on-site. ...",https://jobright.ai/minisites-jobs/intern/us/swe,minisite_scrape;category=swe;cluster_hint=cloud_swe;posted=3 hours ago
The Toro Company,Spatial Data R&D Intern - The Toro Company,https://jobright.ai/jobs/info/6aa4362cc1928370a285d0b6,intern_list,internship_if_eligible,data_science,2026-09-11,2026-09-11T22:12:56+00:00,22 hours ago,"Bloomington, MN",On Site,5001-10000,"1. Candidates must be available to start on May 17 and participate through the duration of the program. 2. Applicants must be legally authorized to work in the United States. 3. Undergraduate Junior or Senior or Masters candidate in GIS, Computer or Data Science, or relevant Science and Engineering discipline ...",https://jobright.ai/minisites-jobs/intern/us/data_science,minisite_scrape;category=data_science;cluster_hint=data_ml;posted=22 hours ago
TikTok,Machine Learning Engineer Intern (Data-Global E-Commerce-Search) - 2027 Summer,https://jobright.ai/jobs/info/6a72f53cadfe134034cca8e0,intern_list,internship_if_eligible,ml_ai,2026-09-11,2026-09-11T22:12:56+00:00,9 hours ago,"Seattle, WA",On Site,10000+,"1. Currently pursuing a Bachelor’s or Master’s degree in Computer Science, Computer Engineering, Electrical Engineering, Data Science, Statistics, Mathematics, or a related technical discipline. 2. Experience with at least one programming language such as Python, Java, C++, Go, or JavaScript through coursework, projects, internships, or equivalent practical experience. 3. Familiarity with data structures, algorithms, software engineering fundamentals, and basic system design concepts. ...",https://jobright.ai/minisites-jobs/intern/us/ml_ai,minisite_scrape;category=ml_ai;cluster_hint=data_ml;posted=9 hours ago
Veeam Software,AI & Automation Engineering Intern - Summer 2027,https://jobright.ai/jobs/info/6aa43388f7baf881567cdbb4,intern_list,internship_if_eligible,swe,2026-09-11,2026-09-11T22:12:56+00:00,3 hours ago,"Georgia, United States",Hybrid,5001-10000,"1. Rising Junior or Senior pursuing a Bachelor’s degree or a graduate student in an accredited college or university, 2. Excellent written, verbal and communication skills 3. Familiarity with AI and large language model concepts, and demonstrated curiosity for applying them to real problems — coursework, personal projects, and hackathons all count ...",https://jobright.ai/minisites-jobs/intern/us/swe,minisite_scrape;category=swe;cluster_hint=cloud_swe;posted=3 hours ago
Veeam Software,AI/ML Intern Summer 2027,https://jobright.ai/jobs/info/6aa4347e8275e3a21175f641,intern_list,internship_if_eligible,ml_ai,2026-09-11,2026-09-11T22:12:56+00:00,5 hours ago,"San Jose, CA",On Site,5001-10000,"1. * **Passion & Curiosity:** Strong interest in machine learning research, experimentation, and understanding model behavior. 2. * **Machine Learning Fundamentals:** Strong foundation in supervised/unsupervised learning, optimization, regularization, model evaluation, and deep learning fundamentals. 3. * **Model Training Experience:** Hands-on experience training deep learning models in PyTorch or TensorFlow. Ability to diagnose poor convergence, overfitting, unstable training, gradient issues, data leakage, and weak generalization. ...",https://jobright.ai/minisites-jobs/intern/us/ml_ai,minisite_scrape;category=ml_ai;cluster_hint=data_ml;posted=5 hours ago
Veeam Software,Data Analytics & Programs Intern - Summer 2027,https://jobright.ai/jobs/info/6aa432858275e3a21175f5ba,intern_list,internship_if_eligible,data_analysis,2026-09-11,2026-09-11T22:12:56+00:00,5 hours ago,"Georgia, United States",Hybrid,5001-10000,"1. Rising Junior or Senior pursuing a Bachelor’s degree or a graduate student in an accredited college or university, preferably in Statistics, Data Analytics, Business Administration, Marketing, or a related field 2. Excellent written, verbal and communication skills, with the ability to turn data into a clear narrative 3. Strong analytical skills and comfort working with large, unstructured, or imperfect data sets ...",https://jobright.ai/minisites-jobs/intern/us/data_analysis,minisite_scrape;category=data_analysis;cluster_hint=data_ml;posted=5 hours ago
Veeam Software,"Platform, Security & AI Engineering Intern - Summer 2027",https://jobright.ai/jobs/info/6aa466bb1d92e2d05d114a21,intern_list,internship_if_eligible,ml_ai,2026-09-11,2026-09-11T22:12:56+00:00,5 hours ago,"San Jose, CA",On Site,5001-10000,"1. Rising Junior or Senior pursuing a Bachelor’s degree or a graduate student in an accredited college or university 2. Ability to work independently with limited direction in a fast-paced environment; must be a high-energy, motivated self-starter 3. This role requires you to be in office 5 days a week at the San Jose, California location ...",https://jobright.ai/minisites-jobs/intern/us/ml_ai,minisite_scrape;category=ml_ai;cluster_hint=data_ml;posted=5 hours ago
Veeam Software,Voice of the Customer Intern - Summer 2027,https://jobright.ai/jobs/info/6aa433b5f7baf881567cdbcc,intern_list,internship_if_eligible,data_analysis,2026-09-11,2026-09-11T22:12:56+00:00,5 hours ago,"California, United States",Hybrid,5001-10000,"1. Rising junior or senior pursuing a Bachelor’s degree, or a graduate student, at an accredited college or university. 2. Strong interest in customer experience, Voice of the Customer programs, customer insights, research, analytics, or program management. 3. Excellent written, verbal, and interpersonal communication skills, with the ability to summarize findings clearly and tailor messages for different audiences. ...",https://jobright.ai/minisites-jobs/intern/us/data_analysis,minisite_scrape;category=data_analysis;cluster_hint=data_ml;posted=5 hours ago
"Williams-Sonoma, Inc.","Research Engineering Internship - AI, Computer Vision, & Visualization",https://jobright.ai/jobs/info/6a51bc1602522b5b722ea89b,intern_list,internship_if_eligible,ml_ai,2026-09-11,2026-09-11T22:12:56+00:00,5 hours ago,"San Jose, CA",On Site,10000+,"1. You are currently enrolled in a graduate program in CS, EE, Applied Math or similar field 2. 1-2+ years of working experience as an engineer in a software development position 3. You are on track to graduate with your Ph.D. or MSc degree between Fall/Winter 2025 or Spring/Summer 2026 ...",https://jobright.ai/minisites-jobs/intern/us/ml_ai,minisite_scrape;category=ml_ai;cluster_hint=data_ml;posted=5 hours ago
"Williams-Sonoma, Inc.","Research Engineering Internship - AI, Computer Vision, & Visualization",https://jobright.ai/jobs/info/6a7ef69ab56bea5779c07eeb,intern_list,internship_if_eligible,ml_ai,2026-09-11,2026-09-11T22:12:56+00:00,5 hours ago,"San Jose, CA",On Site,10000+,"1. * You are currently enrolled in a graduate program in CS, EE, Applied Math or similar field 2. * 1-2+ years of working experience as an engineer in a software development position 3. * You are on track to graduate with your Ph.D. or MSc degree between Fall/Winter 2025 or Spring/Summer 2026 ...",https://jobright.ai/minisites-jobs/intern/us/ml_ai,minisite_scrape;category=ml_ai;cluster_hint=data_ml;posted=5 hours ago
"Williams-Sonoma, Inc.","Research Engineering Internship - AI, Computer Vision, & Visualization",https://jobright.ai/jobs/info/6a5b653d63a8f619507cb1eb,intern_list,internship_if_eligible,ml_ai,2026-09-11,2026-09-11T22:12:56+00:00,5 hours ago,"San Jose, CA",On Site,10000+,"1. You are currently enrolled in a graduate program in CS, EE, Applied Math or similar field 2. 1-2+ years of working experience as an engineer in a software development position 3. You are on track to graduate with your Ph.D. or MSc degree between Fall/Winter 2025 or Spring/Summer 2026 ...",https://jobright.ai/minisites-jobs/intern/us/ml_ai,minisite_scrape;category=ml_ai;cluster_hint=data_ml;posted=5 hours ago
talentpluto,Full Stack Engineering Intern,https://jobright.ai/jobs/info/6a92d931d18f75674827c553,intern_list,internship_if_eligible,swe,2026-09-11,2026-09-11T22:12:56+00:00,4 hours ago,"New York, NY",On Site,1-10,"1. Strong JavaScript or TypeScript fundamentals. 2. Experience building with React, Next.js, or similar frontend frameworks. 3. Comfort learning backend systems, APIs, and databases. ...",https://jobright.ai/minisites-jobs/intern/us/swe,minisite_scrape;category=swe;cluster_hint=cloud_swe;posted=4 hours ago
Baseten,AI Engineer,https://jobs.ashbyhq.com/baseten/64181d8a-960d-4aa4-8d98-3cb22b1e0616/application,ashby_sweep,new_grad,swe,2026-09-10,2026-09-11T22:15:12.234786+00:00,2026-09-10T20:18:58.856+00:00,San Francisco,,,,https://jobs.ashbyhq.com/baseten/64181d8a-960d-4aa4-8d98-3cb22b1e0616,g2_candidate;corrections=sponsorship_answer_no;workplaceType=Hybrid;department=G&A
Bedrock Robotics,"Systems Engineer, Safety",https://jobs.ashbyhq.com/bedrock-robotics/18001e6d-4431-4da4-8484-d2a46926f625/application,ashby_sweep,new_grad,swe,2026-09-08,2026-09-11T22:15:12.234786+00:00,2026-09-08T18:28:04.788+00:00,"San Francisco, CA",,,,https://jobs.ashbyhq.com/bedrock-robotics/18001e6d-4431-4da4-8484-d2a46926f625,g2_candidate;corrections=sponsorship_answer_no;workplaceType=Hybrid;department=Engineering
Clera,AI & Backend Engineer,https://jobs.ashbyhq.com/clera/02f851c7-abea-42a2-b0d8-b200d67dbab4/application,ashby_sweep,new_grad,swe,2026-09-11,2026-09-11T22:15:12.234786+00:00,2026-09-11T17:16:46.767+00:00,Munich,,,,https://jobs.ashbyhq.com/clera/02f851c7-abea-42a2-b0d8-b200d67dbab4,kind=agency;workplaceType=OnSite;department=Engineering
Clera,AI Engineer,https://jobs.ashbyhq.com/clera/d63304f9-e644-4bda-9659-26a64f79c43a/application,ashby_sweep,new_grad,swe,2026-09-08,2026-09-11T22:15:12.234786+00:00,2026-09-08T19:41:49.041+00:00,Stockholm,,,,https://jobs.ashbyhq.com/clera/d63304f9-e644-4bda-9659-26a64f79c43a,kind=agency;workplaceType=OnSite;department=Engineering
Clera,AI Engineer (Mid-Level),https://jobs.ashbyhq.com/clera/a94a33df-02d9-459e-9ed6-522e4edb8d5b/application,ashby_sweep,new_grad,swe,2026-09-10,2026-09-11T22:15:12.234786+00:00,2026-09-10T12:56:28.986+00:00,San Francisco,,,,https://jobs.ashbyhq.com/clera/a94a33df-02d9-459e-9ed6-522e4edb8d5b,kind=agency;workplaceType=OnSite;department=Engineering
Clera,"AI Engineer, Model Training and Deployment",https://jobs.ashbyhq.com/clera/ed13a7e4-ec78-4117-afd2-c4df5a9b7305/application,ashby_sweep,new_grad,swe,2026-09-08,2026-09-11T22:15:12.234786+00:00,2026-09-08T19:49:21.579+00:00,Munich,,,,https://jobs.ashbyhq.com/clera/ed13a7e4-ec78-4117-afd2-c4df5a9b7305,kind=agency;workplaceType=OnSite;department=Engineering
Clera,AI-Native Founder's Associate,https://jobs.ashbyhq.com/clera/9bcc972a-3dd6-45a7-94e2-fe09dfd5092d/application,ashby_sweep,new_grad,swe,2026-09-10,2026-09-11T22:15:12.234786+00:00,2026-09-10T17:13:23.872+00:00,San Francisco,,,,https://jobs.ashbyhq.com/clera/9bcc972a-3dd6-45a7-94e2-fe09dfd5092d,kind=agency;workplaceType=OnSite;department=Engineering
Clera,AI/LLM Engineer,https://jobs.ashbyhq.com/clera/8c293bd4-fd51-485c-a1c6-3fea4b089a2b/application,ashby_sweep,new_grad,swe,2026-09-10,2026-09-11T22:15:12.234786+00:00,2026-09-10T12:51:39.830+00:00,Munich,,,,https://jobs.ashbyhq.com/clera/8c293bd4-fd51-485c-a1c6-3fea4b089a2b,kind=agency;workplaceType=OnSite;department=Engineering
Clera,ASR Engineer,https://jobs.ashbyhq.com/clera/4640eebd-bd45-490b-81fc-e1f965c3d77f/application,ashby_sweep,new_grad,swe,2026-09-10,2026-09-11T22:15:12.234786+00:00,2026-09-10T17:15:05.097+00:00,San Francisco,,,,https://jobs.ashbyhq.com/clera/4640eebd-bd45-490b-81fc-e1f965c3d77f,kind=agency;workplaceType=OnSite;department=Engineering
Clera,Applied AI Engineer - AI & Automation,https://jobs.ashbyhq.com/clera/e5f40dea-3a48-4f8e-91f8-151295ee13e6/application,ashby_sweep,new_grad,swe,2026-09-11,2026-09-11T22:15:12.234786+00:00,2026-09-11T17:34:16.745+00:00,Berlin,,,,https://jobs.ashbyhq.com/clera/e5f40dea-3a48-4f8e-91f8-151295ee13e6,kind=agency;workplaceType=OnSite;department=Engineering
Clera,Backend Engineer,https://jobs.ashbyhq.com/clera/67ad2ecf-76a3-469c-a6e9-99c96045b718/application,ashby_sweep,new_grad,swe,2026-09-10,2026-09-11T22:15:12.234786+00:00,2026-09-10T12:42:45.799+00:00,Berlin,,,,https://jobs.ashbyhq.com/clera/67ad2ecf-76a3-469c-a6e9-99c96045b718,kind=agency;workplaceType=OnSite;department=Engineering
Clera,Backend Engineer,https://jobs.ashbyhq.com/clera/17a1be89-9b71-40af-a2aa-a7f50be47e05/application,ashby_sweep,new_grad,swe,2026-09-05,2026-09-11T22:15:12.234786+00:00,2026-09-05T17:25:13.327+00:00,Berlin,,,,https://jobs.ashbyhq.com/clera/17a1be89-9b71-40af-a2aa-a7f50be47e05,kind=agency;workplaceType=OnSite;department=Engineering
Clera,Cloud / DevOps Engineer,https://jobs.ashbyhq.com/clera/3f02d967-f31c-4c33-aec7-e8b0d94c5ac3/application,ashby_sweep,new_grad,swe,2026-09-10,2026-09-11T22:15:12.234786+00:00,2026-09-10T17:14:15.557+00:00,Berlin,,,,https://jobs.ashbyhq.com/clera/3f02d967-f31c-4c33-aec7-e8b0d94c5ac3,kind=agency;workplaceType=OnSite;department=Engineering
Clera,Data Scientist,https://jobs.ashbyhq.com/clera/e7119954-0355-4a5a-b736-280fe643cd7d/application,ashby_sweep,new_grad,swe,2026-09-11,2026-09-11T22:15:12.234786+00:00,2026-09-11T17:30:57.690+00:00,Berlin,,,,https://jobs.ashbyhq.com/clera/e7119954-0355-4a5a-b736-280fe643cd7d,kind=agency;workplaceType=OnSite;department=Engineering
Clera,Developer Relations Engineer,https://jobs.ashbyhq.com/clera/4ca5227e-f19b-4d1d-af8f-aee6baa3ace9/application,ashby_sweep,new_grad,swe,2026-09-11,2026-09-11T22:15:12.234786+00:00,2026-09-11T17:32:41.057+00:00,San Francisco,,,,https://jobs.ashbyhq.com/clera/4ca5227e-f19b-4d1d-af8f-aee6baa3ace9,kind=agency;workplaceType=OnSite;department=Engineering
Clera,Field Engineer / FDE,https://jobs.ashbyhq.com/clera/cd88b5c5-2edb-44d9-aa7a-ca33d92832f2/application,ashby_sweep,new_grad,swe,2026-09-11,2026-09-11T22:15:12.234786+00:00,2026-09-11T12:44:33.897+00:00,Amsterdam,,,,https://jobs.ashbyhq.com/clera/cd88b5c5-2edb-44d9-aa7a-ca33d92832f2,kind=agency;workplaceType=OnSite;department=Engineering
Clera,Forward Deployed Engineer,https://jobs.ashbyhq.com/clera/8020c9bf-e282-4375-b57a-fbeaa6824f08/application,ashby_sweep,new_grad,swe,2026-09-11,2026-09-11T22:15:12.234786+00:00,2026-09-11T17:19:16.185+00:00,San Francisco,,,,https://jobs.ashbyhq.com/clera/8020c9bf-e282-4375-b57a-fbeaa6824f08,kind=agency;workplaceType=OnSite;department=Engineering
Clera,Forward Deployed Engineer,https://jobs.ashbyhq.com/clera/a05f7bcf-0abf-4f71-ab70-ae1851f80e8d/application,ashby_sweep,new_grad,swe,2026-09-11,2026-09-11T22:15:12.234786+00:00,2026-09-11T17:25:06.670+00:00,Berlin,,,,https://jobs.ashbyhq.com/clera/a05f7bcf-0abf-4f71-ab70-ae1851f80e8d,kind=agency;workplaceType=OnSite;department=Engineering
Clera,Forward Deployed Engineer,https://jobs.ashbyhq.com/clera/98ceb57b-8e0f-4c88-90b9-e334bd529eb8/application,ashby_sweep,new_grad,swe,2026-09-10,2026-09-11T22:15:12.234786+00:00,2026-09-10T12:43:42.060+00:00,Berlin,,,,https://jobs.ashbyhq.com/clera/98ceb57b-8e0f-4c88-90b9-e334bd529eb8,kind=agency;workplaceType=OnSite;department=Engineering
Clera,Forward Deployed Engineer,https://jobs.ashbyhq.com/clera/e525edd0-f3b6-49c5-a165-c4d029ac6535/application,ashby_sweep,new_grad,swe,2026-09-10,2026-09-11T22:15:12.234786+00:00,2026-09-10T12:50:41.068+00:00,Munich,,,,https://jobs.ashbyhq.com/clera/e525edd0-f3b6-49c5-a165-c4d029ac6535,kind=agency;workplaceType=OnSite;department=Engineering
Clera,Forward Deployed Engineer,https://jobs.ashbyhq.com/clera/e18fb9fa-8fa1-4d3e-a28a-172cab0871b8/application,ashby_sweep,new_grad,swe,2026-09-10,2026-09-11T22:15:12.234786+00:00,2026-09-10T13:02:53.310+00:00,New York City,,,,https://jobs.ashbyhq.com/clera/e18fb9fa-8fa1-4d3e-a28a-172cab0871b8,kind=agency;workplaceType=OnSite;department=Engineering
Clera,Forward Deployed Engineer,https://jobs.ashbyhq.com/clera/31a7e542-5555-4a21-a005-640c91db4ddf/application,ashby_sweep,new_grad,swe,2026-09-08,2026-09-11T22:15:12.234786+00:00,2026-09-08T21:15:46.679+00:00,Berlin,,,,https://jobs.ashbyhq.com/clera/31a7e542-5555-4a21-a005-640c91db4ddf,kind=agency;workplaceType=OnSite;department=Engineering
Clera,"Forward Deployed Engineer, DACH",https://jobs.ashbyhq.com/clera/c379322e-0deb-47b4-82c2-76bb6178918d/application,ashby_sweep,new_grad,swe,2026-09-09,2026-09-11T22:15:12.234786+00:00,2026-09-09T12:46:20.739+00:00,Munich,,,,https://jobs.ashbyhq.com/clera/c379322e-0deb-47b4-82c2-76bb6178918d,kind=agency;workplaceType=OnSite;department=Engineering
Clera,Forward Deployed Research Engineer,https://jobs.ashbyhq.com/clera/eb6dadc0-0cb0-4fc6-a7aa-385a0456fc79/application,ashby_sweep,new_grad,swe,2026-09-11,2026-09-11T22:15:12.234786+00:00,2026-09-11T17:39:16.520+00:00,Singapore,,,,https://jobs.ashbyhq.com/clera/eb6dadc0-0cb0-4fc6-a7aa-385a0456fc79,kind=agency;workplaceType=OnSite;department=Engineering
Clera,Founding AI Engineer,https://jobs.ashbyhq.com/clera/e668f8ff-f2b0-4663-b4d0-178413ca044c/application,ashby_sweep,new_grad,swe,2026-09-05,2026-09-11T22:15:12.234786+00:00,2026-09-05T17:23:33.301+00:00,San Francisco,,,,https://jobs.ashbyhq.com/clera/e668f8ff-f2b0-4663-b4d0-178413ca044c,kind=agency;workplaceType=OnSite;department=Engineering
Clera,Founding AI Engineer,https://jobs.ashbyhq.com/clera/53bf8c8b-09a4-4cef-a529-a7841ecbf572/application,ashby_sweep,new_grad,swe,2026-09-10,2026-09-11T22:15:12.234786+00:00,2026-09-10T17:22:33.300+00:00,Amsterdam,,,,https://jobs.ashbyhq.com/clera/53bf8c8b-09a4-4cef-a529-a7841ecbf572,kind=agency;workplaceType=OnSite;department=Engineering
Clera,Founding Agentic Engineer,https://jobs.ashbyhq.com/clera/08be6e2b-6696-4743-8bb1-f0bfdd3dbbbb/application,ashby_sweep,new_grad,swe,2026-09-08,2026-09-11T22:15:12.234786+00:00,2026-09-08T19:51:51.173+00:00,San Francisco,,,,https://jobs.ashbyhq.com/clera/08be6e2b-6696-4743-8bb1-f0bfdd3dbbbb,kind=agency;workplaceType=OnSite;department=Engineering
Clera,Founding Cloud Infrastructure Engineer,https://jobs.ashbyhq.com/clera/8203114b-109b-41c3-bca9-9f6a9585640b/application,ashby_sweep,new_grad,swe,2026-09-09,2026-09-11T22:15:12.234786+00:00,2026-09-09T17:19:37.647+00:00,San Mateo,,,,https://jobs.ashbyhq.com/clera/8203114b-109b-41c3-bca9-9f6a9585640b,kind=agency;workplaceType=OnSite;department=Engineering
Clera,Founding Design Engineer,https://jobs.ashbyhq.com/clera/c076be33-2251-4f3c-ab71-f6caf986b67e/application,ashby_sweep,new_grad,swe,2026-09-10,2026-09-11T22:15:12.234786+00:00,2026-09-10T17:23:22.408+00:00,San Francisco,,,,https://jobs.ashbyhq.com/clera/c076be33-2251-4f3c-ab71-f6caf986b67e,kind=agency;workplaceType=OnSite;department=Engineering
Clera,Founding Engineer,https://jobs.ashbyhq.com/clera/64100af7-d5c6-4947-b7a2-cb749541c151/application,ashby_sweep,new_grad,swe,2026-09-11,2026-09-11T22:15:12.234786+00:00,2026-09-11T17:18:26.919+00:00,San Francisco,,,,https://jobs.ashbyhq.com/clera/64100af7-d5c6-4947-b7a2-cb749541c151,kind=agency;workplaceType=OnSite;department=Engineering
Clera,Founding Engineer,https://jobs.ashbyhq.com/clera/809ad13f-f95e-43cb-b5ae-731761a19679/application,ashby_sweep,new_grad,swe,2026-09-11,2026-09-11T22:15:12.234786+00:00,2026-09-11T17:22:37.249+00:00,Berlin,,,,https://jobs.ashbyhq.com/clera/809ad13f-f95e-43cb-b5ae-731761a19679,kind=agency;workplaceType=OnSite;department=Engineering
Clera,Founding Engineer,https://jobs.ashbyhq.com/clera/c872b2ab-ebc0-4aec-9d08-b64962d1c85b/application,ashby_sweep,new_grad,swe,2026-09-10,2026-09-11T22:15:12.234786+00:00,2026-09-10T13:03:55.978+00:00,San Francisco,,,,https://jobs.ashbyhq.com/clera/c872b2ab-ebc0-4aec-9d08-b64962d1c85b,kind=agency;workplaceType=OnSite;department=Engineering
Clera,Founding Engineer,https://jobs.ashbyhq.com/clera/d12de7f9-2f48-45bd-9cf4-ccc88aaab738/application,ashby_sweep,new_grad,swe,2026-09-10,2026-09-11T22:15:12.234786+00:00,2026-09-10T13:05:55.569+00:00,San Francisco,,,,https://jobs.ashbyhq.com/clera/d12de7f9-2f48-45bd-9cf4-ccc88aaab738,kind=agency;workplaceType=OnSite;department=Engineering
Clera,Founding Engineer,https://jobs.ashbyhq.com/clera/b9c28932-8f9a-4ad7-a82e-a7ed8aa18ab4/application,ashby_sweep,new_grad,swe,2026-09-09,2026-09-11T22:15:12.234786+00:00,2026-09-09T12:57:09.491+00:00,San Francisco,,,,https://jobs.ashbyhq.com/clera/b9c28932-8f9a-4ad7-a82e-a7ed8aa18ab4,kind=agency;workplaceType=OnSite;department=Engineering
Clera,Founding Engineer,https://jobs.ashbyhq.com/clera/378803ab-1a7f-4ef2-b733-c8f1ee3a54e2/application,ashby_sweep,new_grad,swe,2026-09-09,2026-09-11T22:15:12.234786+00:00,2026-09-09T17:32:11.815+00:00,London,,,,https://jobs.ashbyhq.com/clera/378803ab-1a7f-4ef2-b733-c8f1ee3a54e2,kind=agency;workplaceType=OnSite;department=Engineering
Clera,Founding Engineer,https://jobs.ashbyhq.com/clera/5ee6a0e7-a1bf-424f-b8c0-c9d814a66cc9/application,ashby_sweep,new_grad,swe,2026-09-09,2026-09-11T22:15:12.234786+00:00,2026-09-09T17:07:58.187+00:00,Munich,,,,https://jobs.ashbyhq.com/clera/5ee6a0e7-a1bf-424f-b8c0-c9d814a66cc9,kind=agency;workplaceType=OnSite;department=Engineering
Clera,Founding Engineer,https://jobs.ashbyhq.com/clera/f8e31208-2e5d-427b-845b-504a260f1a38/application,ashby_sweep,new_grad,swe,2026-09-09,2026-09-11T22:15:12.234786+00:00,2026-09-09T17:16:57.363+00:00,San Francisco,,,,https://jobs.ashbyhq.com/clera/f8e31208-2e5d-427b-845b-504a260f1a38,kind=agency;workplaceType=OnSite;department=Engineering
Clera,Founding Engineer,https://jobs.ashbyhq.com/clera/80da5785-8f14-42b5-a59c-4da75901b4f2/application,ashby_sweep,new_grad,swe,2026-09-08,2026-09-11T22:15:12.234786+00:00,2026-09-08T19:40:57.908+00:00,Berlin,,,,https://jobs.ashbyhq.com/clera/80da5785-8f14-42b5-a59c-4da75901b4f2,kind=agency;workplaceType=OnSite;department=Engineering
Clera,Founding Engineer,https://jobs.ashbyhq.com/clera/f2ba10de-9cf3-46ac-9b62-10b42b1317eb/application,ashby_sweep,new_grad,swe,2026-09-08,2026-09-11T22:15:12.234786+00:00,2026-09-08T19:45:10.434+00:00,Berlin,,,,https://jobs.ashbyhq.com/clera/f2ba10de-9cf3-46ac-9b62-10b42b1317eb,kind=agency;workplaceType=OnSite;department=Engineering
Clera,Founding Engineer,https://jobs.ashbyhq.com/clera/c0193a94-9ed5-4b76-b09f-dab48c8426a8/application,ashby_sweep,new_grad,swe,2026-09-10,2026-09-11T22:15:12.234786+00:00,2026-09-10T14:02:47.935+00:00,San Francisco,,,,https://jobs.ashbyhq.com/clera/c0193a94-9ed5-4b76-b09f-dab48c8426a8,kind=agency;workplaceType=OnSite;department=Engineering
Clera,Founding Engineer,https://jobs.ashbyhq.com/clera/c4486b55-6673-4b17-9157-eaec578e0b7f/application,ashby_sweep,new_grad,swe,2026-09-10,2026-09-11T22:15:12.234786+00:00,2026-09-10T17:05:03.542+00:00,San Francisco,,,,https://jobs.ashbyhq.com/clera/c4486b55-6673-4b17-9157-eaec578e0b7f,kind=agency;workplaceType=OnSite;department=Engineering
Clera,Founding Engineer,https://jobs.ashbyhq.com/clera/34642ff3-8be6-4907-af50-6a4653297ee9/application,ashby_sweep,new_grad,swe,2026-09-10,2026-09-11T22:15:12.234786+00:00,2026-09-10T17:05:51.730+00:00,Berlin,,,,https://jobs.ashbyhq.com/clera/34642ff3-8be6-4907-af50-6a4653297ee9,kind=agency;workplaceType=OnSite;department=Engineering
Clera,Founding Engineer,https://jobs.ashbyhq.com/clera/82114394-7aa5-4efb-8f0c-561b0f6b030d/application,ashby_sweep,new_grad,swe,2026-09-10,2026-09-11T22:15:12.234786+00:00,2026-09-10T17:10:51.646+00:00,Munich,,,,https://jobs.ashbyhq.com/clera/82114394-7aa5-4efb-8f0c-561b0f6b030d,kind=agency;workplaceType=OnSite;department=Engineering
Clera,Founding Engineer,https://jobs.ashbyhq.com/clera/17bf0e02-94b0-452b-8603-6eb076e02eb6/application,ashby_sweep,new_grad,swe,2026-09-10,2026-09-11T22:15:12.234786+00:00,2026-09-10T19:03:15.186+00:00,San Francisco,,,,https://jobs.ashbyhq.com/clera/17bf0e02-94b0-452b-8603-6eb076e02eb6,kind=agency;workplaceType=OnSite;department=Engineering
Clera,Founding Engineer (AI/ML),https://jobs.ashbyhq.com/clera/f2cc4982-240a-4e04-8aa0-9dea6e271927/application,ashby_sweep,new_grad,swe,2026-09-08,2026-09-11T22:15:12.234786+00:00,2026-09-08T23:14:43.731+00:00,San Francisco,,,,https://jobs.ashbyhq.com/clera/f2cc4982-240a-4e04-8aa0-9dea6e271927,kind=agency;workplaceType=OnSite;department=Engineering
Clera,Founding Engineer (Applied AI),https://jobs.ashbyhq.com/clera/12059323-fefe-498f-a0ae-c5970cbf6678/application,ashby_sweep,new_grad,swe,2026-09-09,2026-09-11T22:15:12.234786+00:00,2026-09-09T17:25:04.227+00:00,San Francisco,,,,https://jobs.ashbyhq.com/clera/12059323-fefe-498f-a0ae-c5970cbf6678,kind=agency;workplaceType=OnSite;department=Engineering
Clera,Founding Engineer (Full-Stack/AI),https://jobs.ashbyhq.com/clera/d3987bb2-beb5-437b-af89-5ce132a67402/application,ashby_sweep,new_grad,swe,2026-09-09,2026-09-11T22:15:12.234786+00:00,2026-09-09T12:42:58.764+00:00,Munich,,,,https://jobs.ashbyhq.com/clera/d3987bb2-beb5-437b-af89-5ce132a67402,kind=agency;workplaceType=OnSite;department=Engineering
Clera,Founding Engineer - Infrastructure,https://jobs.ashbyhq.com/clera/a799890a-86ff-42b1-ab48-65591acda462/application,ashby_sweep,new_grad,swe,2026-09-10,2026-09-11T22:15:12.234786+00:00,2026-09-10T17:19:12.615+00:00,San Francisco,,,,https://jobs.ashbyhq.com/clera/a799890a-86ff-42b1-ab48-65591acda462,kind=agency;workplaceType=OnSite;department=Engineering
Clera,Founding Engineer / Product Engineer,https://jobs.ashbyhq.com/clera/4e41950e-7874-44a9-ae83-aa20a5c5d63d/application,ashby_sweep,new_grad,swe,2026-09-10,2026-09-11T22:15:12.234786+00:00,2026-09-10T17:12:37.830+00:00,Berlin,,,,https://jobs.ashbyhq.com/clera/4e41950e-7874-44a9-ae83-aa20a5c5d63d,kind=agency;workplaceType=OnSite;department=Engineering
Clera,Founding Full Stack Engineer,https://jobs.ashbyhq.com/clera/78036c59-45e3-4245-9812-38b3237c05c0/application,ashby_sweep,new_grad,swe,2026-09-08,2026-09-11T22:15:12.234786+00:00,2026-09-08T23:44:41.544+00:00,San Francisco,,,,https://jobs.ashbyhq.com/clera/78036c59-45e3-4245-9812-38b3237c05c0,kind=agency;workplaceType=OnSite;department=Engineering
Clera,Founding Product Engineer,https://jobs.ashbyhq.com/clera/b011c9bc-be21-44d8-9608-d135a298721b/application,ashby_sweep,new_grad,swe,2026-09-09,2026-09-11T22:15:12.234786+00:00,2026-09-09T17:21:30.094+00:00,San Francisco,,,,https://jobs.ashbyhq.com/clera/b011c9bc-be21-44d8-9608-d135a298721b,kind=agency;workplaceType=OnSite;department=Engineering
Clera,Founding Product Engineer,https://jobs.ashbyhq.com/clera/11ff4c3d-2c5e-429a-a7f9-18c214f438ff/application,ashby_sweep,new_grad,swe,2026-09-09,2026-09-11T22:15:12.234786+00:00,2026-09-09T17:15:10.263+00:00,San Francisco,,,,https://jobs.ashbyhq.com/clera/11ff4c3d-2c5e-429a-a7f9-18c214f438ff,kind=agency;workplaceType=OnSite;department=Engineering
Clera,Founding Product Engineer,https://jobs.ashbyhq.com/clera/6505f6f6-1859-4f12-90bb-ef3f599218f6/application,ashby_sweep,new_grad,swe,2026-09-10,2026-09-11T22:15:12.234786+00:00,2026-09-10T17:09:12.422+00:00,San Francisco,,,,https://jobs.ashbyhq.com/clera/6505f6f6-1859-4f12-90bb-ef3f599218f6,kind=agency;workplaceType=OnSite;department=Engineering
Clera,Founding Product Engineer,https://jobs.ashbyhq.com/clera/f7b44902-b58c-4207-b6aa-856abbf18729/application,ashby_sweep,new_grad,swe,2026-09-11,2026-09-11T22:15:12.234786+00:00,2026-09-11T16:46:04.539+00:00,Munich,,,,https://jobs.ashbyhq.com/clera/f7b44902-b58c-4207-b6aa-856abbf18729,kind=agency;workplaceType=OnSite;department=Engineering
Clera,Full Stack Engineer,https://jobs.ashbyhq.com/clera/74ee6e45-e7a1-436b-b3be-b47d244c3507/application,ashby_sweep,new_grad,swe,2026-09-05,2026-09-11T22:15:12.234786+00:00,2026-09-05T17:26:51.846+00:00,Munich,,,,https://jobs.ashbyhq.com/clera/74ee6e45-e7a1-436b-b3be-b47d244c3507,kind=agency;workplaceType=OnSite;department=Engineering
Clera,Full Stack Engineer,https://jobs.ashbyhq.com/clera/b203138a-97bb-4d8d-bfe9-dce3ed003f35/application,ashby_sweep,new_grad,swe,2026-09-11,2026-09-11T22:15:12.234786+00:00,2026-09-11T12:41:19.060+00:00,San Mateo,,,,https://jobs.ashbyhq.com/clera/b203138a-97bb-4d8d-bfe9-dce3ed003f35,kind=agency;workplaceType=OnSite;department=Engineering
Clera,Full-Stack Engineer,https://jobs.ashbyhq.com/clera/35ea6cfa-c475-4dec-85f6-d377adcc1ff6/application,ashby_sweep,new_grad,swe,2026-09-10,2026-09-11T22:15:12.234786+00:00,2026-09-10T12:52:38.561+00:00,Munich,,,,https://jobs.ashbyhq.com/clera/35ea6cfa-c475-4dec-85f6-d377adcc1ff6,kind=agency;workplaceType=OnSite;department=Engineering
Clera,ML Infrastructure Engineer,https://jobs.ashbyhq.com/clera/cd0ca0f3-727b-43da-a2b8-a51dc13d7269/application,ashby_sweep,new_grad,swe,2026-09-09,2026-09-11T22:15:12.234786+00:00,2026-09-09T17:20:37.453+00:00,San Mateo,,,,https://jobs.ashbyhq.com/clera/cd0ca0f3-727b-43da-a2b8-a51dc13d7269,kind=agency;workplaceType=OnSite;department=Engineering
Clera,Platform Engineer,https://jobs.ashbyhq.com/clera/a31e2a06-e657-41ee-8fb0-c644faff8c04/application,ashby_sweep,new_grad,swe,2026-09-10,2026-09-11T22:15:12.234786+00:00,2026-09-10T17:18:20.456+00:00,Singapore,,,,https://jobs.ashbyhq.com/clera/a31e2a06-e657-41ee-8fb0-c644faff8c04,kind=agency;workplaceType=OnSite;department=Engineering
Clera,Product Engineer,https://jobs.ashbyhq.com/clera/ef8907e2-8e15-4242-8ca5-7c4220fa4254/application,ashby_sweep,new_grad,swe,2026-09-10,2026-09-11T22:15:12.234786+00:00,2026-09-10T12:44:40.305+00:00,Berlin,,,,https://jobs.ashbyhq.com/clera/ef8907e2-8e15-4242-8ca5-7c4220fa4254,kind=agency;workplaceType=OnSite;department=Engineering
Clera,Product Engineer,https://jobs.ashbyhq.com/clera/2e9f5e11-1f30-42ed-9b8c-e9c631f77bc2/application,ashby_sweep,new_grad,swe,2026-09-09,2026-09-11T22:15:12.234786+00:00,2026-09-09T12:56:19.953+00:00,Leipzig,,,,https://jobs.ashbyhq.com/clera/2e9f5e11-1f30-42ed-9b8c-e9c631f77bc2,kind=agency;workplaceType=OnSite;department=Engineering
Clera,Product Engineer,https://jobs.ashbyhq.com/clera/a3803929-2f3b-4454-981a-c0a80fdfe334/application,ashby_sweep,new_grad,swe,2026-09-09,2026-09-11T22:15:12.234786+00:00,2026-09-09T17:08:52.028+00:00,Munich,,,,https://jobs.ashbyhq.com/clera/a3803929-2f3b-4454-981a-c0a80fdfe334,kind=agency;workplaceType=OnSite;department=Engineering
Clera,Product Engineer,https://jobs.ashbyhq.com/clera/06540bd9-b827-477c-b857-3f375e4853a5/application,ashby_sweep,new_grad,swe,2026-09-08,2026-09-11T22:15:12.234786+00:00,2026-09-08T21:12:29.419+00:00,Berlin,,,,https://jobs.ashbyhq.com/clera/06540bd9-b827-477c-b857-3f375e4853a5,kind=agency;workplaceType=OnSite;department=Engineering
Clera,Product Engineer,https://jobs.ashbyhq.com/clera/32ffad38-9cbc-4f71-b333-c91efdc3a734/application,ashby_sweep,new_grad,swe,2026-09-10,2026-09-11T22:15:12.234786+00:00,2026-09-10T17:17:32.577+00:00,San Francisco,,,,https://jobs.ashbyhq.com/clera/32ffad38-9cbc-4f71-b333-c91efdc3a734,kind=agency;workplaceType=OnSite;department=Engineering
Clera,Product Engineer,https://jobs.ashbyhq.com/clera/01694b70-f599-43a4-ad83-ccb08c8d3c2e/application,ashby_sweep,new_grad,swe,2026-09-11,2026-09-11T22:15:12.234786+00:00,2026-09-11T08:44:49.922+00:00,Munich,,,,https://jobs.ashbyhq.com/clera/01694b70-f599-43a4-ad83-ccb08c8d3c2e,kind=agency;workplaceType=OnSite;department=Engineering
Clera,Product Engineer (Full-Stack),https://jobs.ashbyhq.com/clera/2f095027-2d8f-4b05-8586-8b71d10e635c/application,ashby_sweep,new_grad,swe,2026-09-08,2026-09-11T22:15:12.234786+00:00,2026-09-08T21:11:37.264+00:00,Berlin,,,,https://jobs.ashbyhq.com/clera/2f095027-2d8f-4b05-8586-8b71d10e635c,kind=agency;workplaceType=OnSite;department=Engineering
Clera,Product Engineer (Mid-Level),https://jobs.ashbyhq.com/clera/595b658b-6826-4224-a3d2-2741dcbc6d4d/application,ashby_sweep,new_grad,swe,2026-09-10,2026-09-11T22:15:12.234786+00:00,2026-09-10T17:06:44.246+00:00,San Francisco,,,,https://jobs.ashbyhq.com/clera/595b658b-6826-4224-a3d2-2741dcbc6d4d,kind=agency;workplaceType=OnSite;department=Engineering
Clera,Product Engineer (Software Engineer),https://jobs.ashbyhq.com/clera/381302ba-b1f4-4aee-9f66-6eb7c64e8283/application,ashby_sweep,new_grad,swe,2026-09-10,2026-09-11T22:15:12.234786+00:00,2026-09-10T13:01:42.226+00:00,San Francisco,,,,https://jobs.ashbyhq.com/clera/381302ba-b1f4-4aee-9f66-6eb7c64e8283,kind=agency;workplaceType=OnSite;department=Engineering
Clera,"Research Engineer / Research Scientist, Robotics and Physical AI",https://jobs.ashbyhq.com/clera/c922082d-789c-4568-8ed5-8fe9e23193c0/application,ashby_sweep,new_grad,swe,2026-09-10,2026-09-11T22:15:12.234786+00:00,2026-09-10T17:25:53.240+00:00,San Francisco,,,,https://jobs.ashbyhq.com/clera/c922082d-789c-4568-8ed5-8fe9e23193c0,kind=agency;workplaceType=OnSite;department=Engineering
Clera,"Research Engineer, Benchmarks",https://jobs.ashbyhq.com/clera/36916df6-1948-4ce1-b336-2b9b1027fda6/application,ashby_sweep,new_grad,swe,2026-09-11,2026-09-11T22:15:12.234786+00:00,2026-09-11T17:38:25.161+00:00,Singapore,,,,https://jobs.ashbyhq.com/clera/36916df6-1948-4ce1-b336-2b9b1027fda6,kind=agency;workplaceType=OnSite;department=Engineering
Clera,"Research Engineer, QC Automation",https://jobs.ashbyhq.com/clera/437ffad5-56d8-43d1-8731-22f253833cc6/application,ashby_sweep,new_grad,swe,2026-09-11,2026-09-11T22:15:12.234786+00:00,2026-09-11T17:37:36.357+00:00,Singapore,,,,https://jobs.ashbyhq.com/clera/437ffad5-56d8-43d1-8731-22f253833cc6,kind=agency;workplaceType=OnSite;department=Engineering
Clera,Robot Learning Engineer,https://jobs.ashbyhq.com/clera/4496ab44-b3d5-44fb-9c33-ea910a82445e/application,ashby_sweep,new_grad,swe,2026-09-10,2026-09-11T22:15:12.234786+00:00,2026-09-10T12:41:48.162+00:00,Munich,,,,https://jobs.ashbyhq.com/clera/4496ab44-b3d5-44fb-9c33-ea910a82445e,kind=agency;workplaceType=OnSite;department=Engineering
Clera,Security Engineer,https://jobs.ashbyhq.com/clera/6803f330-8cbb-4757-bcf5-fa405f24f4fe/application,ashby_sweep,new_grad,swe,2026-09-09,2026-09-11T22:15:12.234786+00:00,2026-09-09T21:02:18.112+00:00,San Francisco,,,,https://jobs.ashbyhq.com/clera/6803f330-8cbb-4757-bcf5-fa405f24f4fe,kind=agency;workplaceType=OnSite;department=Engineering
Clera,Software Engineer,https://jobs.ashbyhq.com/clera/e3981bc4-6ced-4d78-ace9-9712722b6b79/application,ashby_sweep,new_grad,swe,2026-09-10,2026-09-11T22:15:12.234786+00:00,2026-09-10T12:57:28.518+00:00,San Francisco,,,,https://jobs.ashbyhq.com/clera/e3981bc4-6ced-4d78-ace9-9712722b6b79,kind=agency;workplaceType=OnSite;department=Engineering
Clera,"Software Engineer, AI & Data Systems",https://jobs.ashbyhq.com/clera/63d532c2-6e12-4ad4-a599-9a756cd3ce12/application,ashby_sweep,new_grad,swe,2026-09-09,2026-09-11T22:15:12.234786+00:00,2026-09-09T12:41:21.735+00:00,San Francisco,,,,https://jobs.ashbyhq.com/clera/63d532c2-6e12-4ad4-a599-9a756cd3ce12,kind=agency;workplaceType=OnSite;department=Engineering
Clera,Solution Engineer,https://jobs.ashbyhq.com/clera/d38e9cbf-a8f1-4eaf-bf77-2e8d81c12ba0/application,ashby_sweep,new_grad,swe,2026-09-10,2026-09-11T22:15:12.234786+00:00,2026-09-10T12:53:35.853+00:00,Munich,,,,https://jobs.ashbyhq.com/clera/d38e9cbf-a8f1-4eaf-bf77-2e8d81c12ba0,kind=agency;workplaceType=OnSite;department=Engineering
Clera,Talent AI Operator,https://jobs.ashbyhq.com/clera/c76f6821-ad0b-4624-8f2a-0e459dd85ca6/application,ashby_sweep,new_grad,swe,2026-09-10,2026-09-11T22:15:12.234786+00:00,2026-09-10T13:00:19.765+00:00,San Francisco,,,,https://jobs.ashbyhq.com/clera/c76f6821-ad0b-4624-8f2a-0e459dd85ca6,kind=agency;workplaceType=OnSite;department=Engineering
Notion,"Security Engineer, Corporate Security",https://jobs.ashbyhq.com/notion/866dc41d-3a50-4957-9a14-df27eae847e8/application,ashby_sweep,new_grad,swe,2026-09-08,2026-09-11T22:15:12.234786+00:00,2026-09-08T20:54:37.061+00:00,"Dublin, Ireland",,,,https://jobs.ashbyhq.com/notion/866dc41d-3a50-4957-9a14-df27eae847e8,g2_candidate;corrections=sponsorship_answer_no;workplaceType=Hybrid;department=Engineering
OpenAI,"Android Engineer, ChatGPT ImageGen",https://jobs.ashbyhq.com/openai/b15442c5-8e3c-4370-9abf-4b9c63f56de0/application,ashby_sweep,new_grad,swe,2026-09-11,2026-09-11T22:15:12.234786+00:00,2026-09-11T17:11:15.362+00:00,San Francisco,,,,https://jobs.ashbyhq.com/openai/b15442c5-8e3c-4370-9abf-4b9c63f56de0,g2_candidate;corrections=sponsorship_answer_no;workplaceType=Hybrid;department=Applied AI
OpenAI,"Android Engineer, ChatGPT Library Team",https://jobs.ashbyhq.com/openai/5a1a0c32-0b82-482a-8149-e6b096c3e732/application,ashby_sweep,new_grad,swe,2026-09-09,2026-09-11T22:15:12.234786+00:00,2026-09-09T18:00:25.985+00:00,Seattle,,,,https://jobs.ashbyhq.com/openai/5a1a0c32-0b82-482a-8149-e6b096c3e732,g2_candidate;corrections=sponsorship_answer_no;department=Applied AI
OpenAI,"Applied AI Engineer, Codex",https://jobs.ashbyhq.com/openai/32425ea6-a64b-408d-ae54-38342b83c875/application,ashby_sweep,new_grad,swe,2026-09-11,2026-09-11T22:15:12.234786+00:00,2026-09-11T07:44:32.667+00:00,"London, UK",,,,https://jobs.ashbyhq.com/openai/32425ea6-a64b-408d-ae54-38342b83c875,g2_candidate;corrections=sponsorship_answer_no;workplaceType=Hybrid;department=Go To Market
OpenAI,"Applied AI Engineer, Codex | Tokyo",https://jobs.ashbyhq.com/openai/6668417f-6878-4244-940f-9a99ae4ebcb0/application,ashby_sweep,new_grad,swe,2026-09-07,2026-09-11T22:15:12.234786+00:00,2026-09-07T00:33:34.942+00:00,"Tokyo, Japan",,,,https://jobs.ashbyhq.com/openai/6668417f-6878-4244-940f-9a99ae4ebcb0,g2_candidate;corrections=sponsorship_answer_no;department=Go To Market
OpenAI,"Applied AI Engineer, Digital Natives",https://jobs.ashbyhq.com/openai/7be58f3a-6005-42ed-86fa-77773ebfb294/application,ashby_sweep,new_grad,swe,2026-09-08,2026-09-11T22:15:12.234786+00:00,2026-09-08T08:10:32.624+00:00,"London, UK",,,,https://jobs.ashbyhq.com/openai/7be58f3a-6005-42ed-86fa-77773ebfb294,g2_candidate;corrections=sponsorship_answer_no;workplaceType=Hybrid;department=Go To Market
OpenAI,"Applied AI Engineer, Government",https://jobs.ashbyhq.com/openai/485cda77-5d8f-4aaa-bca5-916b011477e6/application,ashby_sweep,new_grad,swe,2026-09-08,2026-09-11T22:15:12.234786+00:00,2026-09-08T16:59:01.596+00:00,"Washington, DC",,,,https://jobs.ashbyhq.com/openai/485cda77-5d8f-4aaa-bca5-916b011477e6,g2_candidate;corrections=sponsorship_answer_no;workplaceType=Hybrid;department=OpenAI for Gov
OpenAI,"Backend Software Engineer, ChatGPT ImageGen",https://jobs.ashbyhq.com/openai/e7a4ee23-138a-4004-916e-72a452e7d115/application,ashby_sweep,new_grad,swe,2026-09-11,2026-09-11T22:15:12.234786+00:00,2026-09-11T17:11:59.523+00:00,San Francisco,,,,https://jobs.ashbyhq.com/openai/e7a4ee23-138a-4004-916e-72a452e7d115,g2_candidate;corrections=sponsorship_answer_no;workplaceType=Hybrid;department=Applied AI
OpenAI,"Control Systems Software Engineer, Robotics",https://jobs.ashbyhq.com/openai/60573bf4-13ad-4933-aba7-729f428e9f69/application,ashby_sweep,new_grad,swe,2026-09-08,2026-09-11T22:15:12.234786+00:00,2026-09-08T22:02:49.677+00:00,San Francisco,,,,https://jobs.ashbyhq.com/openai/60573bf4-13ad-4933-aba7-729f428e9f69,g2_candidate;corrections=sponsorship_answer_no;department=Research
OpenAI,"Developer Experience Engineer, Cyber",https://jobs.ashbyhq.com/openai/708121e8-51ac-4a24-a2ff-bd9889ba5486/application,ashby_sweep,new_grad,swe,2026-09-11,2026-09-11T22:15:12.234786+00:00,2026-09-11T02:51:53.931+00:00,San Francisco,,,,https://jobs.ashbyhq.com/openai/708121e8-51ac-4a24-a2ff-bd9889ba5486,g2_candidate;corrections=sponsorship_answer_no;department=Applied AI
OpenAI,Forward Deployed Engineer (FDE) - SF,https://jobs.ashbyhq.com/openai/967f94aa-1706-4dba-ac89-bfbc2c38b688/application,ashby_sweep,new_grad,swe,2026-09-11,2026-09-11T22:15:12.234786+00:00,2026-09-11T20:56:10.864+00:00,San Francisco,,,,https://jobs.ashbyhq.com/openai/967f94aa-1706-4dba-ac89-bfbc2c38b688,g2_candidate;corrections=sponsorship_answer_no;workplaceType=Hybrid;department=Forward Deployed Engineering
OpenAI,Forward Deployed Engineer (FDE) - Seattle,https://jobs.ashbyhq.com/openai/7f4c5eef-37f9-4454-a1fb-ef1e66b075d9/application,ashby_sweep,new_grad,swe,2026-09-11,2026-09-11T22:15:12.234786+00:00,2026-09-11T20:56:13.406+00:00,Seattle,,,,https://jobs.ashbyhq.com/openai/7f4c5eef-37f9-4454-a1fb-ef1e66b075d9,g2_candidate;corrections=sponsorship_answer_no;workplaceType=Hybrid;department=Forward Deployed Engineering
OpenAI,Forward Deployed Engineer - London (Spanish-speaking),https://jobs.ashbyhq.com/openai/7ce64627-b273-48e1-b3bc-ef4be0444706/application,ashby_sweep,new_grad,swe,2026-09-08,2026-09-11T22:15:12.234786+00:00,2026-09-08T21:16:39.864+00:00,"London, UK",,,,https://jobs.ashbyhq.com/openai/7ce64627-b273-48e1-b3bc-ef4be0444706,g2_candidate;corrections=sponsorship_answer_no;department=Forward Deployed Engineering
OpenAI,Forward Deployed Engineer - Madrid (Spanish-speaking),https://jobs.ashbyhq.com/openai/14c5d693-7e85-4c26-8ca7-0b6f68fe6ace/application,ashby_sweep,new_grad,swe,2026-09-08,2026-09-11T22:15:12.234786+00:00,2026-09-08T21:18:19.165+00:00,"Madrid, Spain",,,,https://jobs.ashbyhq.com/openai/14c5d693-7e85-4c26-8ca7-0b6f68fe6ace,g2_candidate;corrections=sponsorship_answer_no;workplaceType=Hybrid;department=Forward Deployed Engineering
OpenAI,"Full-Stack Software Engineer, Emerging Products",https://jobs.ashbyhq.com/openai/f7d155c9-06e8-44f0-b2eb-bfa88707f2c1/application,ashby_sweep,new_grad,swe,2026-09-10,2026-09-11T22:15:12.234786+00:00,2026-09-10T21:55:04.531+00:00,San Francisco,,,,https://jobs.ashbyhq.com/openai/f7d155c9-06e8-44f0-b2eb-bfa88707f2c1,g2_candidate;corrections=sponsorship_answer_no;department=Applied AI
OpenAI,"Mechanical Engineer, Dynamometer and Actuator Testing Infrastructure",https://jobs.ashbyhq.com/openai/2b87bb06-ba33-4cab-b950-0df12ca85dcf/application,ashby_sweep,new_grad,swe,2026-09-10,2026-09-11T22:15:12.234786+00:00,2026-09-10T18:35:21.715+00:00,San Francisco,,,,https://jobs.ashbyhq.com/openai/2b87bb06-ba33-4cab-b950-0df12ca85dcf,g2_candidate;corrections=sponsorship_answer_no;workplaceType=Hybrid;department=Research
OpenAI,Partner Applied AI Engineer,https://jobs.ashbyhq.com/openai/552396f4-dc83-43de-9230-6301e5f461bd/application,ashby_sweep,new_grad,swe,2026-09-10,2026-09-11T22:15:12.234786+00:00,2026-09-10T19:44:56.038+00:00,San Francisco,,,,https://jobs.ashbyhq.com/openai/552396f4-dc83-43de-9230-6301e5f461bd,g2_candidate;corrections=sponsorship_answer_no;workplaceType=Hybrid;department=Go To Market
OpenAI,"Physical Design Engineer, Forward Deployed Engineering",https://jobs.ashbyhq.com/openai/18d65004-a399-4a33-80bc-10f33bff2ed0/application,ashby_sweep,new_grad,swe,2026-09-09,2026-09-11T22:15:12.234786+00:00,2026-09-09T19:23:44.294+00:00,San Francisco,,,,https://jobs.ashbyhq.com/openai/18d65004-a399-4a33-80bc-10f33bff2ed0,g2_candidate;corrections=sponsorship_answer_no;workplaceType=Hybrid;department=Forward Deployed Engineering
OpenAI,"Quality Engineer, Rack Infrastructure & Site Operations",https://jobs.ashbyhq.com/openai/b71906c2-51a9-4ad7-a744-2390ccdc1ad8/application,ashby_sweep,new_grad,swe,2026-09-09,2026-09-11T22:15:12.234786+00:00,2026-09-09T18:22:22.536+00:00,Singapore,,,,https://jobs.ashbyhq.com/openai/b71906c2-51a9-4ad7-a744-2390ccdc1ad8,g2_candidate;corrections=sponsorship_answer_no;workplaceType=Hybrid;department=Scaling
OpenAI,"Software Engineer, AI for Chip Design",https://jobs.ashbyhq.com/openai/56d541d3-02b5-44d8-b40b-4df72cdd0405/application,ashby_sweep,new_grad,swe,2026-09-08,2026-09-11T22:15:12.234786+00:00,2026-09-08T23:43:33.720+00:00,San Francisco,,,,https://jobs.ashbyhq.com/openai/56d541d3-02b5-44d8-b40b-4df72cdd0405,g2_candidate;corrections=sponsorship_answer_no;workplaceType=Hybrid;department=Research
OpenAI,"Software Engineer, API Frontiers",https://jobs.ashbyhq.com/openai/b6a86e39-8059-4ccf-8d33-1bf5bd92fa86/application,ashby_sweep,new_grad,swe,2026-09-11,2026-09-11T22:15:12.234786+00:00,2026-09-11T01:36:02.480+00:00,New York City,,,,https://jobs.ashbyhq.com/openai/b6a86e39-8059-4ccf-8d33-1bf5bd92fa86,g2_candidate;corrections=sponsorship_answer_no;workplaceType=Hybrid;department=Core Product & Platform
OpenAI,"Software Engineer, HSM Infrastructure Security, Consumer Devices",https://jobs.ashbyhq.com/openai/a14780e7-0316-478c-8e6a-d7629c31c49d/application,ashby_sweep,new_grad,swe,2026-09-04,2026-09-11T22:15:12.234786+00:00,2026-09-04T23:40:07.105+00:00,San Francisco,,,,https://jobs.ashbyhq.com/openai/a14780e7-0316-478c-8e6a-d7629c31c49d,g2_candidate;corrections=sponsorship_answer_no;department=Consumer Devices
OpenAI,"Software Engineer, Host Assurance",https://jobs.ashbyhq.com/openai/0b9e565a-ae5f-40fc-8350-b59f71f76df1/application,ashby_sweep,new_grad,swe,2026-09-05,2026-09-11T22:15:12.234786+00:00,2026-09-05T14:19:37.047+00:00,San Francisco,,,,https://jobs.ashbyhq.com/openai/0b9e565a-ae5f-40fc-8350-b59f71f76df1,g2_candidate;corrections=sponsorship_answer_no;workplaceType=Hybrid;department=Security
Perplexity,"Member of Technical Staff (Applied AI Engineer, Agent Capabilities)",https://jobs.ashbyhq.com/perplexity/5c561bd0-c180-4ee1-b079-647f3c20bdc0/application,ashby_sweep,new_grad,swe,2026-09-10,2026-09-11T22:15:12.234786+00:00,2026-09-10T18:49:57.605+00:00,San Francisco,,,,https://jobs.ashbyhq.com/perplexity/5c561bd0-c180-4ee1-b079-647f3c20bdc0,corrections=sponsorship_answer_no;blockers=required_essay;external_artifact;department=AI Products
Perplexity,"Member of Technical Staff (General Software Engineer, Infrastructure)",https://jobs.ashbyhq.com/perplexity/76c9b39f-aecc-4247-b5f5-ebcd02dff7c3/application,ashby_sweep,new_grad,swe,2026-09-05,2026-09-11T22:15:12.234786+00:00,2026-09-05T09:23:02.059+00:00,San Francisco,,,,https://jobs.ashbyhq.com/perplexity/76c9b39f-aecc-4247-b5f5-ebcd02dff7c3,corrections=sponsorship_answer_no;blockers=required_essay;external_artifact;workplaceType=Hybrid;department=Platform & Infrastructure
A Full Renovation LLC,AI Systems Engineer,https://jobright.ai/jobs/info/6aa40a118275e3a21175ea3d,newgrad_jobs,new_grad_2027_start,ml_ai,2026-09-11,2026-09-11T22:12:56+00:00,8 hours ago,United States,Remote,Not Sure,Not Sure,https://jobright.ai/minisites-jobs/newgrad/us/ml_ai,minisite_scrape;category=ml_ai;cluster_hint=data_ml;posted=8 hours ago
A Full Renovation LLC,Data Analyst,https://jobright.ai/jobs/info/6aa4008d8275e3a21175e745,newgrad_jobs,new_grad_2027_start,data_analysis,2026-09-11,2026-09-11T22:12:56+00:00,8 hours ago,United States,Remote,Not Sure,Not Sure,https://jobright.ai/minisites-jobs/newgrad/us/data_analysis,minisite_scrape;category=data_analysis;cluster_hint=data_ml;posted=8 hours ago
A Helping Hand Renovation LLC,AI Systems Engineer,https://jobright.ai/jobs/info/6aa3f6b9f7baf881567cc68a,newgrad_jobs,new_grad_2027_start,ml_ai,2026-09-11,2026-09-11T22:12:56+00:00,9 hours ago,United States,Remote,Not Sure,Not Sure,https://jobright.ai/minisites-jobs/newgrad/us/ml_ai,minisite_scrape;category=ml_ai;cluster_hint=data_ml;posted=9 hours ago
A Helping Hand Renovation LLC,Applied AI Engineer,https://jobright.ai/jobs/info/6aa3fce51d92e2d05d112bb5,newgrad_jobs,new_grad_2027_start,ml_ai,2026-09-11,2026-09-11T22:12:56+00:00,11 hours ago,United States,Remote,Not Sure,Not Sure,https://jobright.ai/minisites-jobs/newgrad/us/ml_ai,minisite_scrape;category=ml_ai;cluster_hint=data_ml;posted=11 hours ago
A Helping Hand Renovation LLC,Machine Learning Engineer,https://jobright.ai/jobs/info/6aa3f87f8275e3a21175e39e,newgrad_jobs,new_grad_2027_start,ml_ai,2026-09-11,2026-09-11T22:12:56+00:00,9 hours ago,United States,Remote,Not Sure,Not Sure,https://jobright.ai/minisites-jobs/newgrad/us/ml_ai,minisite_scrape;category=ml_ai;cluster_hint=data_ml;posted=9 hours ago
Accordion,Senior Software Engineer,https://jobright.ai/jobs/info/6aa3a9224233a2201a2b2b7b,newgrad_jobs,new_grad_2027_start,ml_ai,2026-09-11,2026-09-11T22:12:56+00:00,19 hours ago,"Buffalo–Niagara Falls Area, United States",Hybrid,No,Not Sure,https://jobright.ai/minisites-jobs/newgrad/us/ml_ai,minisite_scrape;category=ml_ai;cluster_hint=data_ml;posted=19 hours ago
Adobe,Machine Learning Engineer,https://jobright.ai/jobs/info/6a9a209913883870605928bd,newgrad_jobs,new_grad_2027_start,ml_ai,2026-09-11,2026-09-11T22:12:56+00:00,21 hours ago,"San Jose, CA",On Site,Not Sure,Not Sure,https://jobright.ai/minisites-jobs/newgrad/us/ml_ai,minisite_scrape;category=ml_ai;cluster_hint=data_ml;posted=21 hours ago
Amazon,"Business Intelligence Engineer, WWPS Reporting and Analytics Center of Excellence (RACE)",https://jobright.ai/jobs/info/6a870ab625fc4e7ae3daae92,newgrad_jobs,new_grad_2027_start,data_analysis,2026-09-11,2026-09-11T22:12:56+00:00,4 hours ago,"Arlington, VA; Herndon, VA",On Site,Not Sure,Not Sure,https://jobright.ai/minisites-jobs/newgrad/us/data_analysis,minisite_scrape;category=data_analysis;cluster_hint=data_ml;posted=4 hours ago
Amazon,"Security and Loss Prevention Specialist, NA",https://jobright.ai/jobs/info/6a808f13e2030208f2774f1d,newgrad_jobs,new_grad_2027_start,swe,2026-09-11,2026-09-11T22:12:56+00:00,2 hours ago,"Pflugerville, TX",On Site,Not Sure,Not Sure,https://jobright.ai/minisites-jobs/newgrad/us/swe,minisite_scrape;category=swe;cluster_hint=cloud_swe;posted=2 hours ago
Atlas Technica,Jr. Systems Engineer - Dedicated,https://jobright.ai/jobs/info/6a5cc2ef686b4755d1e1c60b,newgrad_jobs,new_grad_2027_start,swe,2026-09-11,2026-09-11T22:12:56+00:00,3 hours ago,"New York, NY",On Site,Not Sure,Not Sure,https://jobright.ai/minisites-jobs/newgrad/us/swe,minisite_scrape;category=swe;cluster_hint=cloud_swe;posted=3 hours ago
BD,Commercial Analytics Engineer Business Decision Intelligence,https://jobright.ai/jobs/info/6aa4650e1d92e2d05d1149b5,newgrad_jobs,new_grad_2027_start,data_analysis,2026-09-11,2026-09-11T22:12:56+00:00,4 hours ago,"Franklin Lakes, NJ; San Diego, CA; Vernon Hills, IL",Hybrid,Not Sure,Not Sure,https://jobright.ai/minisites-jobs/newgrad/us/data_analysis,minisite_scrape;category=data_analysis;cluster_hint=data_ml;posted=4 hours ago
BD,Commercial Analytics Engineer Business Decision Intelligence,https://jobright.ai/jobs/info/6aa466308275e3a211760376,newgrad_jobs,new_grad_2027_start,data_analysis,2026-09-11,2026-09-11T22:12:56+00:00,4 hours ago,"Vernon Hills, IL; Franklin Lakes, NJ; San Diego, CA",Hybrid,Not Sure,Not Sure,https://jobright.ai/minisites-jobs/newgrad/us/data_analysis,minisite_scrape;category=data_analysis;cluster_hint=data_ml;posted=4 hours ago
Booz Allen Hamilton,Data Scientist,https://jobright.ai/jobs/info/6a8dc5d8d34f700f87fd5d4b,newgrad_jobs,new_grad_2027_start,data_science,2026-09-11,2026-09-11T22:12:56+00:00,11 hours ago,"Washington, DC",On Site,No,Not Sure,https://jobright.ai/minisites-jobs/newgrad/us/data_science,minisite_scrape;category=data_science;cluster_hint=data_ml;posted=11 hours ago
Booz Allen Hamilton,Data Scientist,https://jobright.ai/jobs/info/6a9b4e36d5ff1f3f1c39ec0a,newgrad_jobs,new_grad_2027_start,data_science,2026-09-11,2026-09-11T22:12:56+00:00,11 hours ago,"Fort Meade, MD; Annapolis Junction, MD",On Site,No,Not Sure,https://jobright.ai/minisites-jobs/newgrad/us/data_science,minisite_scrape;category=data_science;cluster_hint=data_ml;posted=11 hours ago
Booz Allen Hamilton,"Data Scientist, Junior",https://jobright.ai/jobs/info/6a8619d04afae74a08343743,newgrad_jobs,new_grad_2027_start,data_science,2026-09-11,2026-09-11T22:12:56+00:00,1 day ago,"San Antonio, TX",On Site,No,Not Sure,https://jobright.ai/minisites-jobs/newgrad/us/data_science,minisite_scrape;category=data_science;cluster_hint=data_ml;posted=1 day ago
ByteDance,"Research Engineer/Scientist(all levels), Efficient Models",https://jobright.ai/jobs/info/6a88639cd34f700f87fc84ba,newgrad_jobs,new_grad_2027_start,ml_ai,2026-09-11,2026-09-11T22:12:56+00:00,1 day ago,"San Jose, CA",On Site,Not Sure,Not Sure,https://jobright.ai/minisites-jobs/newgrad/us/ml_ai,minisite_scrape;category=ml_ai;cluster_hint=data_ml;posted=1 day ago
Charles Schwab,Full Stack Developer,https://jobright.ai/jobs/info/6aa4553cf7baf881567ce55e,newgrad_jobs,new_grad_2027_start,swe,2026-09-11,2026-09-11T22:12:56+00:00,2 hours ago,"Southlake, TX",On Site,Not Sure,Not Sure,https://jobright.ai/minisites-jobs/newgrad/us/swe,minisite_scrape;category=swe;cluster_hint=cloud_swe;posted=2 hours ago
Clarity,Data Scientist,https://jobright.ai/jobs/info/6a90891e2e254e06fb9f1755,newgrad_jobs,new_grad_2027_start,data_science,2026-09-11,2026-09-11T22:12:56+00:00,1 day ago,"Tampa, FL",On Site,No,Not Sure,https://jobright.ai/minisites-jobs/newgrad/us/data_science,minisite_scrape;category=data_science;cluster_hint=data_ml;posted=1 day ago
EAB,"Associate Data Analyst, Financial Aid Optimization",https://jobright.ai/jobs/info/6aa40eb2f7baf881567cd00a,newgrad_jobs,new_grad_2027_start,data_analysis,2026-09-11,2026-09-11T22:12:56+00:00,4 hours ago,"Richmond, VA; Minneapolis, MN",On Site,No,Not Sure,https://jobright.ai/minisites-jobs/newgrad/us/data_analysis,minisite_scrape;category=data_analysis;cluster_hint=data_ml;posted=4 hours ago
EchoStar Corporation,Data Scientist I - Customer Lifecycle,https://jobright.ai/jobs/info/6aa3a6da959a10d7230d2ff0,newgrad_jobs,new_grad_2027_start,data_science,2026-09-11,2026-09-11T22:12:56+00:00,1 day ago,"Littleton, CO",On Site,No,Not Sure,https://jobright.ai/minisites-jobs/newgrad/us/data_science,minisite_scrape;category=data_science;cluster_hint=data_ml;posted=1 day ago
Figure,Data Quality Analyst,https://jobright.ai/jobs/info/6aa3a20d626f9945308b20ae,newgrad_jobs,new_grad_2027_start,ml_ai,2026-09-11,2026-09-11T22:12:56+00:00,1 day ago,"San Jose, CA",On Site,Not Sure,Not Sure,https://jobright.ai/minisites-jobs/newgrad/us/ml_ai,minisite_scrape;category=ml_ai;cluster_hint=data_ml;posted=1 day ago
GRAIL,"Data Engineer 1, Operational Technology - Operations #4941",https://jobright.ai/jobs/info/6a90caa8d96ad228f1263436,newgrad_jobs,new_grad_2027_start,swe,2026-09-11,2026-09-11T22:12:56+00:00,4 hours ago,"Durham, NC",On Site,Not Sure,Not Sure,https://jobright.ai/minisites-jobs/newgrad/us/swe,minisite_scrape;category=swe;cluster_hint=cloud_swe;posted=4 hours ago
Gartner,Associate Data Scientist - Spring 2027 Master's level graduates,https://jobright.ai/jobs/info/6a7d584b83621355407adf44,newgrad_jobs,new_grad_2027_start,data_science,2026-09-11,2026-09-11T22:12:56+00:00,1 day ago,"Irving, TX; Stamford, CT",On Site,No,Yes,https://jobright.ai/minisites-jobs/newgrad/us/data_science,minisite_scrape;category=data_science;cluster_hint=data_ml;posted=1 day ago
Gatik,Machine Learning Engineer,https://jobright.ai/jobs/info/6aa3c623959a10d7230d3ebf,newgrad_jobs,new_grad_2027_start,ml_ai,2026-09-11,2026-09-11T22:12:56+00:00,1 day ago,"Santa Clara, CA",On Site,Not Sure,Not Sure,https://jobright.ai/minisites-jobs/newgrad/us/ml_ai,minisite_scrape;category=ml_ai;cluster_hint=data_ml;posted=1 day ago
General Dynamics Information Technology,Human Performance Data Scientist I,https://jobright.ai/jobs/info/6a52a9888576ec69c014ce5d,newgrad_jobs,new_grad_2027_start,data_science,2026-09-11,2026-09-11T22:12:56+00:00,12 hours ago,"Hurlburt Field, FL",On Site,No,Not Sure,https://jobright.ai/minisites-jobs/newgrad/us/data_science,minisite_scrape;category=data_science;cluster_hint=data_ml;posted=12 hours ago
Genesis Molecular AI,"Manager, New Product Planning",https://jobright.ai/jobs/info/6a6a6b980b42f866b6198b19,newgrad_jobs,new_grad_2027_start,data_analysis,2026-09-11,2026-09-11T22:12:56+00:00,5 hours ago,"San Diego, CA",Hybrid,Not Sure,Not Sure,https://jobright.ai/minisites-jobs/newgrad/us/data_analysis,minisite_scrape;category=data_analysis;cluster_hint=data_ml;posted=5 hours ago
HKA,Junior IT Infrastructure Engineer,https://jobright.ai/jobs/info/6aa45228422289703bd6621f,newgrad_jobs,new_grad_2027_start,swe,2026-09-11,2026-09-11T22:12:56+00:00,2 hours ago,"Las Vegas, NV; Phoenix, AZ",Hybrid,Not Sure,Not Sure,https://jobright.ai/minisites-jobs/newgrad/us/swe,minisite_scrape;category=swe;cluster_hint=cloud_swe;posted=2 hours ago
HKA,Junior IT Infrastructure Engineer,https://jobright.ai/jobs/info/6aa455ac8275e3a21175ff2f,newgrad_jobs,new_grad_2027_start,swe,2026-09-11,2026-09-11T22:12:56+00:00,4 hours ago,"Las Vegas, NV",On Site,Not Sure,Not Sure,https://jobright.ai/minisites-jobs/newgrad/us/swe,minisite_scrape;category=swe;cluster_hint=cloud_swe;posted=4 hours ago
HKA,Junior IT Infrastructure Engineer,https://jobright.ai/jobs/info/6aa46ba91d92e2d05d114b29,newgrad_jobs,new_grad_2027_start,swe,2026-09-11,2026-09-11T22:12:56+00:00,5 hours ago,"Phoenix, AZ",Hybrid,Not Sure,Not Sure,https://jobright.ai/minisites-jobs/newgrad/us/swe,minisite_scrape;category=swe;cluster_hint=cloud_swe;posted=5 hours ago
HealthStream,Associate Developer,https://jobright.ai/jobs/info/6aa45290f3aa936e2cdb0cb0,newgrad_jobs,new_grad_2027_start,swe,2026-09-11,2026-09-11T22:12:56+00:00,3 hours ago,United States,Remote,Not Sure,Not Sure,https://jobright.ai/minisites-jobs/newgrad/us/swe,minisite_scrape;category=swe;cluster_hint=cloud_swe;posted=3 hours ago
HealthStream,Associate Developer,https://jobright.ai/jobs/info/6aa45192422289703bd661ff,newgrad_jobs,new_grad_2027_start,swe,2026-09-11,2026-09-11T22:12:56+00:00,3 hours ago,"Nashville, TN",On Site,Not Sure,Not Sure,https://jobright.ai/minisites-jobs/newgrad/us/swe,minisite_scrape;category=swe;cluster_hint=cloud_swe;posted=3 hours ago
ImageTrend,AI Business Systems Analyst,https://jobright.ai/jobs/info/6aa40a7ef3aa936e2cdaf6dc,newgrad_jobs,new_grad_2027_start,ml_ai,2026-09-11,2026-09-11T22:12:56+00:00,11 hours ago,United States,Remote,Not Sure,Not Sure,https://jobright.ai/minisites-jobs/newgrad/us/ml_ai,minisite_scrape;category=ml_ai;cluster_hint=data_ml;posted=11 hours ago
Innodata Inc.,Generative AI Associate - Flexible Hours,https://jobright.ai/jobs/info/6a50f6cb8d7d3e6cf1cbdb15,newgrad_jobs,new_grad_2027_start,ml_ai,2026-09-11,2026-09-11T22:12:56+00:00,10 hours ago,United States,Remote,Not Sure,Not Sure,https://jobright.ai/minisites-jobs/newgrad/us/ml_ai,minisite_scrape;category=ml_ai;cluster_hint=data_ml;posted=10 hours ago
JPMorganChase,Quant Analytics Associate - Wealth Management,https://jobright.ai/jobs/info/6aa3a2b14238ea18d430d141,newgrad_jobs,new_grad_2027_start,data_science,2026-09-11,2026-09-11T22:12:56+00:00,7 hours ago,"Columbus, OH",On Site,Not Sure,Not Sure,https://jobright.ai/minisites-jobs/newgrad/us/data_science,minisite_scrape;category=data_science;cluster_hint=data_ml;posted=7 hours ago
JetBlue,Data Science Analyst Revenue Management,https://jobright.ai/jobs/info/6aa18d002f936e4a53dac53c,newgrad_jobs,new_grad_2027_start,data_science,2026-09-11,2026-09-11T22:12:56+00:00,1 day ago,"Long Island City, NY",Hybrid,No,Not Sure,https://jobright.ai/minisites-jobs/newgrad/us/data_science,minisite_scrape;category=data_science;cluster_hint=data_ml;posted=1 day ago
Judi Health,Data Exchange Analyst - Eligibility,https://jobright.ai/jobs/info/6a623a711e089c0cc884b1f4,newgrad_jobs,new_grad_2027_start,data_analysis,2026-09-11,2026-09-11T22:12:56+00:00,9 hours ago,"Charlotte, NC; Denver, CO; New York, NY",Hybrid,Not Sure,Not Sure,https://jobright.ai/minisites-jobs/newgrad/us/data_analysis,minisite_scrape;category=data_analysis;cluster_hint=data_ml;posted=9 hours ago
Microsoft,Software Engineer- CoreAI,https://jobright.ai/jobs/info/6aa3b7e64238ea18d430dacd,newgrad_jobs,new_grad_2027_start,ml_ai,2026-09-11,2026-09-11T22:12:56+00:00,9 hours ago,"Redmond, WA",On Site,Not Sure,Not Sure,https://jobright.ai/minisites-jobs/newgrad/us/ml_ai,minisite_scrape;category=ml_ai;cluster_hint=data_ml;posted=9 hours ago
Microsoft,Software Engineer- CoreAI,https://jobright.ai/jobs/info/6aa3cf56959a10d7230d43bd,newgrad_jobs,new_grad_2027_start,ml_ai,2026-09-11,2026-09-11T22:12:56+00:00,9 hours ago,"Redmond, WA",On Site,Not Sure,Not Sure,https://jobright.ai/minisites-jobs/newgrad/us/ml_ai,minisite_scrape;category=ml_ai;cluster_hint=data_ml;posted=9 hours ago
Monetate,Associate Software Engineer,https://jobright.ai/jobs/info/6aa436ac422289703bd65a04,newgrad_jobs,new_grad_2027_start,swe,2026-09-11,2026-09-11T22:12:56+00:00,4 hours ago,"Plano, TX",On Site,No,Not Sure,https://jobright.ai/minisites-jobs/newgrad/us/swe,minisite_scrape;category=swe;cluster_hint=cloud_swe;posted=4 hours ago
Nightwing,Jr. Computational Engineer,https://jobright.ai/jobs/info/6aa382ed4233a2201a2b1b41,newgrad_jobs,new_grad_2027_start,data_science,2026-09-11,2026-09-11T22:12:56+00:00,1 day ago,"Annapolis Junction, MD",On Site,No,Not Sure,https://jobright.ai/minisites-jobs/newgrad/us/data_science,minisite_scrape;category=data_science;cluster_hint=data_ml;posted=1 day ago
North Carolina Department of Agriculture and Consumer Services,Geographic Information System Database Administrator 1,https://jobright.ai/jobs/info/6aa439d51d92e2d05d113eda,newgrad_jobs,new_grad_2027_start,swe,2026-09-11,2026-09-11T22:12:56+00:00,4 hours ago,"West Virginia, United States",On Site,Not Sure,Not Sure,https://jobright.ai/minisites-jobs/newgrad/us/swe,minisite_scrape;category=swe;cluster_hint=cloud_swe;posted=4 hours ago
Northern Tool + Equipment,Data Analyst,https://jobright.ai/jobs/info/6aa455def3aa936e2cdb0dd4,newgrad_jobs,new_grad_2027_start,data_analysis,2026-09-11,2026-09-11T22:12:56+00:00,8 hours ago,"Burnsville, MN",Hybrid,Not Sure,Not Sure,https://jobright.ai/minisites-jobs/newgrad/us/data_analysis,minisite_scrape;category=data_analysis;cluster_hint=data_ml;posted=8 hours ago
Nyla Technology Solutions,Junior Data Scientist,https://jobright.ai/jobs/info/6a94c8f39864261ccd2a4926,newgrad_jobs,new_grad_2027_start,data_science,2026-09-11,2026-09-11T22:12:56+00:00,1 day ago,"Annapolis Junction, MD",On Site,No,Not Sure,https://jobright.ai/minisites-jobs/newgrad/us/data_science,minisite_scrape;category=data_science;cluster_hint=data_ml;posted=1 day ago
OneStream Software,AI Engineer,https://jobright.ai/jobs/info/6aa08c1f5b2d5633ef3bf46c,newgrad_jobs,new_grad_2027_start,ml_ai,2026-09-11,2026-09-11T22:12:56+00:00,1 day ago,"Birmingham, MI; Chicago, IL; Fort Lauderdale, FL; New York, NY",Hybrid,No,Not Sure,https://jobright.ai/minisites-jobs/newgrad/us/ml_ai,minisite_scrape;category=ml_ai;cluster_hint=data_ml;posted=1 day ago
OneStream Software,AI Engineer,https://jobright.ai/jobs/info/6a5a78764da96a42cfd96211,newgrad_jobs,new_grad_2027_start,ml_ai,2026-09-11,2026-09-11T22:12:56+00:00,1 day ago,"Birmingham, MI; Chicago, IL; Fort Lauderdale, FL; New York, NY",Hybrid,No,Not Sure,https://jobright.ai/minisites-jobs/newgrad/us/ml_ai,minisite_scrape;category=ml_ai;cluster_hint=data_ml;posted=1 day ago
OneStream Software,Associate AI Engineer,https://jobright.ai/jobs/info/6a39bb9f649fdf1629302ad0,newgrad_jobs,new_grad_2027_start,ml_ai,2026-09-11,2026-09-11T22:12:56+00:00,19 hours ago,"Chicago, IL",Hybrid,No,Not Sure,https://jobright.ai/minisites-jobs/newgrad/us/ml_ai,minisite_scrape;category=ml_ai;cluster_hint=data_ml;posted=19 hours ago
OneStream Software,Associate AI Engineer,https://jobright.ai/jobs/info/6a39bb9f649fdf1629302ad1,newgrad_jobs,new_grad_2027_start,ml_ai,2026-09-11,2026-09-11T22:12:56+00:00,19 hours ago,"Fort Lauderdale, FL; Birmingham, MI; Chicago, IL; New York, NY",Hybrid,No,Not Sure,https://jobright.ai/minisites-jobs/newgrad/us/ml_ai,minisite_scrape;category=ml_ai;cluster_hint=data_ml;posted=19 hours ago
OneStream Software,Associate AI Engineer,https://jobright.ai/jobs/info/6aa37d31cb2e99857c2707a3,newgrad_jobs,new_grad_2027_start,ml_ai,2026-09-11,2026-09-11T22:12:56+00:00,1 day ago,"Fort Lauderdale, FL; Birmingham, MI; Chicago, IL; New York, NY",Hybrid,No,Not Sure,https://jobright.ai/minisites-jobs/newgrad/us/ml_ai,minisite_scrape;category=ml_ai;cluster_hint=data_ml;posted=1 day ago
Peraton,"Data Science, Associate - Herndon, VA",https://jobright.ai/jobs/info/6aa3c178c5a856ac7e33b789,newgrad_jobs,new_grad_2027_start,data_science,2026-09-11,2026-09-11T22:12:56+00:00,1 day ago,"Herndon, VA",On Site,No,Not Sure,https://jobright.ai/minisites-jobs/newgrad/us/data_science,minisite_scrape;category=data_science;cluster_hint=data_ml;posted=1 day ago
Peraton,"Data Science, Associate - Herndon, VA",https://jobright.ai/jobs/info/6aa388ac5c11cce3603649a4,newgrad_jobs,new_grad_2027_start,data_science,2026-09-11,2026-09-11T22:12:56+00:00,1 day ago,"Herndon, VA",On Site,No,Not Sure,https://jobright.ai/minisites-jobs/newgrad/us/data_science,minisite_scrape;category=data_science;cluster_hint=data_ml;posted=1 day ago
Shure,"Engineer I, Application Systems Development",https://jobright.ai/jobs/info/6aa430aa8275e3a21175f52e,newgrad_jobs,new_grad_2027_start,swe,2026-09-11,2026-09-11T22:12:56+00:00,4 hours ago,United States,Remote,No,Not Sure,https://jobright.ai/minisites-jobs/newgrad/us/swe,minisite_scrape;category=swe;cluster_hint=cloud_swe;posted=4 hours ago
SpaceX,"Application Software Engineer, Applied AI",https://jobright.ai/jobs/info/6a6be65057120971bf3a974a,newgrad_jobs,new_grad_2027_start,swe,2026-09-11,2026-09-11T22:12:56+00:00,5 hours ago,"Vandenberg Space Force Base, CA",On Site,No,Not Sure,https://jobright.ai/minisites-jobs/newgrad/us/swe,minisite_scrape;category=swe;cluster_hint=cloud_swe;posted=5 hours ago
SpaceX,Data Engineer (Starlink),https://jobright.ai/jobs/info/6a4fe27bfc327f422fef6df5,newgrad_jobs,new_grad_2027_start,swe,2026-09-11,2026-09-11T22:12:56+00:00,5 hours ago,"Hawthorne, CA",On Site,No,Not Sure,https://jobright.ai/minisites-jobs/newgrad/us/swe,minisite_scrape;category=swe;cluster_hint=cloud_swe;posted=5 hours ago
SpaceX,Full Stack Software Engineer - Simulation & Flight Systems,https://jobright.ai/jobs/info/6a87a59d4afae74a08349c6e,newgrad_jobs,new_grad_2027_start,swe,2026-09-11,2026-09-11T22:12:56+00:00,5 hours ago,"Hawthorne, CA",On Site,No,Not Sure,https://jobright.ai/minisites-jobs/newgrad/us/swe,minisite_scrape;category=swe;cluster_hint=cloud_swe;posted=5 hours ago
SpaceX,"Site Reliability Engineer, Kubernetes Platform (Starshield)",https://jobright.ai/jobs/info/6a3319b229c90c607e4da31a,newgrad_jobs,new_grad_2027_start,swe,2026-09-11,2026-09-11T22:12:56+00:00,5 hours ago,"Hawthorne, CA; Redmond, WA",On Site,No,Not Sure,https://jobright.ai/minisites-jobs/newgrad/us/swe,minisite_scrape;category=swe;cluster_hint=cloud_swe;posted=5 hours ago
Stanford University,Research Data Analyst (12-Month Fixed-Term),https://jobright.ai/jobs/info/6a6920cab22f1b56a602ae49,newgrad_jobs,new_grad_2027_start,data_science,2026-09-11,2026-09-11T22:12:56+00:00,15 hours ago,"Stanford, CA",On Site,Not Sure,Not Sure,https://jobright.ai/minisites-jobs/newgrad/us/data_science,minisite_scrape;category=data_science;cluster_hint=data_ml;posted=15 hours ago
Systems Planning & Analysis,Jr. Data Scientist - OPNAV N81F,https://jobright.ai/jobs/info/6aa45131f7baf881567ce46f,newgrad_jobs,new_grad_2027_start,data_science,2026-09-11,2026-09-11T22:12:56+00:00,3 hours ago,"Arlington, VA",On Site,No,Not Sure,https://jobright.ai/minisites-jobs/newgrad/us/data_science,minisite_scrape;category=data_science;cluster_hint=data_ml;posted=3 hours ago
VT Group (VTG),Data Scientist,https://jobright.ai/jobs/info/6a82f217379c304e892f3fab,newgrad_jobs,new_grad_2027_start,data_science,2026-09-11,2026-09-11T22:12:56+00:00,11 hours ago,"Chantilly, VA",On Site,No,Not Sure,https://jobright.ai/minisites-jobs/newgrad/us/data_science,minisite_scrape;category=data_science;cluster_hint=data_ml;posted=11 hours ago
VT Group (VTG),Data Scientist – Supply Chain Risk Management,https://jobright.ai/jobs/info/6a9e42222c964816f65ec7a4,newgrad_jobs,new_grad_2027_start,data_science,2026-09-11,2026-09-11T22:12:56+00:00,11 hours ago,"Washington, DC",Hybrid,No,Not Sure,https://jobright.ai/minisites-jobs/newgrad/us/data_science,minisite_scrape;category=data_science;cluster_hint=data_ml;posted=11 hours ago
Wavestone,"Junior AI Engineer (Pittsburgh, PA)",https://jobright.ai/jobs/info/6aa424d3422289703bd654f3,newgrad_jobs,new_grad_2027_start,ml_ai,2026-09-11,2026-09-11T22:12:56+00:00,6 hours ago,"Pittsburgh, PA",Hybrid,No,Not Sure,https://jobright.ai/minisites-jobs/newgrad/us/ml_ai,minisite_scrape;category=ml_ai;cluster_hint=data_ml;posted=6 hours ago
Zachary Piper Solutions,Common Criteria Engineer,https://jobright.ai/jobs/info/6aa43f351d92e2d05d1140c7,newgrad_jobs,new_grad_2027_start,swe,2026-09-11,2026-09-11T22:12:56+00:00,4 hours ago,"Durham, NC",On Site,Not Sure,Not Sure,https://jobright.ai/minisites-jobs/newgrad/us/swe,minisite_scrape;category=swe;cluster_hint=cloud_swe;posted=4 hours ago
Zachary Piper Solutions,Jr. Software Engineer,https://jobright.ai/jobs/info/6aa442ac8275e3a21175faac,newgrad_jobs,new_grad_2027_start,swe,2026-09-11,2026-09-11T22:12:56+00:00,4 hours ago,"Morrisville, NC",Hybrid,No,Not Sure,https://jobright.ai/minisites-jobs/newgrad/us/swe,minisite_scrape;category=swe;cluster_hint=cloud_swe;posted=4 hours ago
